Price,Close,High,Low,Open,Volume
Ticker,AAPL,AAPL,AAPL,AAPL,AAPL
Date,,,,,
2020-10-01,113.60372161865234,114.50834954010315,112.66991334832385,114.43053032893033,116120400
2020-10-02,109.93656158447266,112.22245433262894,109.15839180363562,109.81011094316419,144712000
2020-10-05,113.32162475585938,113.46753391146844,110.4521101876222,110.80228919258478,106243800
2020-10-06,110.07275390625,112.9519978108433,109.18757711311163,112.54345067949198,161498200
2020-10-07,111.94036102294922,112.39753955518432,111.01627470298001,111.49291174621311,96849000
2020-10-08,111.83336639404297,113.22435314166701,111.46372888130158,113.07844398775582,83477200
2020-10-09,113.77880096435547,113.80798131062522,111.78472652844798,112.13490552618049,100506900
2020-10-12,121.00608825683594,121.76480690611335,116.02577075981998,116.78448940909738,240226800
2020-10-13,117.7961196899414,121.96907978641414,116.38568190119372,121.8523509831308,262330500
2020-10-14,117.8836669921875,119.67346409750246,116.35650041512618,117.69884824411241,150712000
2020-10-15,117.416748046875,117.89337762313299,114.92659320785734,115.48104197814634,112559200
2020-10-16,115.77287292480469,118.23385526990404,115.56860307094232,117.97121729976094,115393800
2020-10-19,112.8158187866211,117.13468096654279,112.50454937346234,116.68723164895509,120639300
2020-10-20,114.30406951904297,115.73396585696945,112.47535532523321,113.02980416838349,124423700
2020-10-21,113.6815414428711,115.47133878200704,113.27299429263485,113.4869934138899,89946000
2020-10-22,112.59208679199219,114.81961147307034,111.4637305673421,114.24570410467129,101988000
2020-10-23,111.90145111083984,113.37025699470568,111.16218354117096,113.21461859214486,82572600
2020-10-26,111.91118621826172,113.37026292295224,109.80038294532771,110.89955881245987,111850700
2020-10-27,113.41887664794922,114.08032494762837,111.4150806612359,112.33915946139578,92276800
2020-10-28,108.16622161865234,112.28082137684017,108.06895131820131,111.91119126662696,143937800
2020-10-29,112.173828125,113.73990454040626,109.13894560010584,109.30431328354058,146129200
2020-10-30,105.89006042480469,108.93466447069503,104.78116272521534,108.03003661879342,190272600
2020-11-02,105.802490234375,107.66038441516727,104.39205268090426,106.13321807788486,122866900
2020-11-03,107.42696380615234,108.44831311565359,105.76361714103741,106.66824505588045,107624400
2020-11-04,111.81390380859375,112.43644258276989,109.28483911084726,111.02600479592498,138235500
2020-11-05,115.7825927734375,116.35650010587017,113.68152628924997,114.73205582071998,126387100
2020-11-06,115.65105438232422,116.14799095011887,113.1565957663913,115.29052521485966,114457900
2020-11-09,113.34173583984375,118.86655905479424,113.0786522061061,117.41471118065078,154515300
2020-11-10,113.00069427490234,114.57921088296683,111.20780194427195,112.59144977903753,138023400
2020-11-11,116.43058776855469,116.56700262766775,113.45868412753177,114.18948120165986,112295000
2020-11-12,116.15773010253906,117.44393234617952,115.53411734404979,116.55723597528558,103162300
2020-11-13,116.20646667480469,116.60596516096147,114.85205685711352,116.38185824859463,81581900
2020-11-16,117.2198257446289,117.8921538375377,115.12487314428873,115.8751546907103,91183000
2020-11-17,116.33312225341797,117.58034777680699,115.91413173221224,116.48902916086686,74271000
2020-11-18,115.00796508789062,116.75213491699658,114.9787343957129,115.57311658349965,76322100
2020-11-19,115.60234069824219,116.01158523354931,113.8191942363378,114.57922192592288,74113000
2020-11-20,114.33562469482422,115.72901129196754,114.28690935456355,115.60234248642783,73604300
2020-11-23,110.93497467041016,114.60845147390663,110.83753656463605,114.17971488763942,127959300
2020-11-24,112.22117614746094,112.8837656693911,109.70723289360379,110.99344264268959,113874200
2020-11-25,113.05915832519531,113.760724582734,112.22117723247423,112.59145244287018,76499200
2020-11-27,113.60482788085938,114.4817857816356,113.24430611291088,113.58534323153174,46691300
2020-11-30,116.00184631347656,117.87268484188316,113.8191939296174,113.97510085734369,169410200
2020-12-01,119.57787322998047,120.30867019893745,116.93726107423544,117.91165703284473,127728200
2020-12-02,119.92865753173828,120.21123325455888,117.79472798281287,118.89579275045067,89004200
2020-12-03,119.792236328125,120.61072532946784,119.08092403824773,120.35738030969706,78967600
2020-12-04,119.11991882324219,119.71430101700255,118.40860642554382,119.46095595882962,78260400
2020-12-07,120.58152770996094,121.38053228308098,119.11993343468868,119.17839482680263,86712000
2020-12-08,121.19538879394531,121.78003242314685,119.93841688564608,121.18565018509716,82225500
2020-12-09,118.66194915771484,122.72517888074941,117.90192143214601,121.34153828117272,115089200
2020-12-10,120.08455657958984,120.69843079499793,117.07367661772612,117.41471371847992,81312200
2020-12-11,119.27581787109375,119.61685498411975,117.46344071723955,119.29530252010173,86939800
2020-12-14,118.66194915771484,120.19175065083598,118.42809618847487,119.46095361716566,79184500
2020-12-15,124.60575866699219,124.62525075019607,120.95177364167792,121.15639591100933,157243700
2020-12-16,124.53755187988281,125.08321126755321,123.31955686522454,124.14779942243345,98208600
2020-12-17,125.4047622680664,126.2622355061444,124.76165733950789,125.59963849451057,94359800
2020-12-18,123.41697692871094,125.7945050852739,122.89080229894454,125.65809026652522,192541500
2020-12-21,124.94679260253906,125.0247460652675,120.28918099826035,121.81898239256174,121251600
2020-12-22,128.50332641601562,130.9685466687522,126.33041301688388,128.2402353796709,168904800
2020-12-23,127.6069107055664,129.03925919185082,127.43151168864978,128.7761829686311,88223700
2020-12-24,128.59100341796875,130.04285838267262,127.7432839055564,127.95765215183746,54930100
2020-12-28,133.190185546875,133.82353697075987,130.09159867672324,130.55931944043445,124486200
2020-12-29,131.41676330566406,135.236393246922,130.9003346955004,134.5153498347467,121047300
2020-12-30,130.2961883544922,132.5080706574388,129.98437460777822,132.1085648699982,96452100
2020-12-31,129.29258728027344,131.29010173967114,128.34742211950626,130.64699691249126,99116600
2021-01-04,126.09656524658203,130.18902467191572,123.51441486519408,130.10133261742502,143301900
2021-01-05,127.65560913085938,128.36692888537684,125.14166577453908,125.58989445727471,97664900
2021-01-06,123.35852813720703,127.69459465788168,123.14415983466812,124.44985429829092,155088000
2021-01-07,127.56791687011719,128.25974454135618,124.58626762143851,125.07346559980046,109578200
2021-01-08,128.66897583007812,129.23412721104498,126.8955682344821,129.03923614525579,105158200
2021-01-11,125.67758178710938,126.83711531254554,125.2098759078761,125.88221147258122,100384500
2021-01-12,125.502197265625,126.36940903829134,123.61186680500131,125.20987551647978,91951100
2021-01-13,127.53868865966797,128.08434802714223,125.20014426532036,125.46322047371517,88636800
2021-01-14,125.60938262939453,127.64586655028748,125.46321431935365,127.4509903383349,90221800
2021-01-15,123.88468933105469,126.88583037094017,123.74827450506447,125.48269795041179,111598500
2021-01-19,124.5570297241211,125.41450287420925,123.68981796754613,124.508306955484,90757300
2021-01-20,128.64950561523438,129.09773432738962,125.25861162121556,125.36579577837638,104319500
2021-01-21,133.36558532714844,136.0938972964428,130.1695674073792,130.3741971240205,120150900
2021-01-22,135.50926208496094,136.26928979361904,131.56295521732648,132.79068885405798,114459400
2021-01-25,139.2606658935547,141.37510329816405,133.04401504155618,139.40683420534555,157611700
2021-01-26,139.49452209472656,140.60533283780688,137.7503450890547,139.92325867417892,98390600
2021-01-27,138.42271423339844,140.605366954715,136.81496653844508,139.75763219670037,140843800
2021-01-28,133.5799102783203,138.35445839130662,133.19989652918113,135.9476996907254,142621100
2021-01-29,128.58128356933594,133.2388945668448,126.8760908230651,132.35219077043976,177523800
2021-02-01,130.70547485351562,131.91373120913244,127.5776572470742,130.32546101984542,106239800
2021-02-02,131.53369140625,132.81988610161744,131.16341625287015,132.2547347662849,83305400
2021-02-03,130.51060485839844,132.29375135316877,130.18905238870838,132.28399787741546,89880900
2021-02-04,133.8722686767578,133.8820072844467,131.14395684543172,132.8101805826387,84183100
2021-02-05,133.45748901367188,134.10155478599495,132.57922833528005,134.0332529018306,75693800
2021-02-08,133.60391235351562,133.65270793576502,131.6619613464302,132.74515775495385,71297200
2021-02-09,132.72564697265625,134.55050063798447,132.56952194364052,133.32091738610043,76774200
2021-02-10,132.12059020996094,133.68195923048688,131.15449145334966,133.18426522390598,73046600
2021-02-11,131.8668975830078,133.09646585492624,130.5397381460376,132.61829297068624,64280000
2021-02-12,132.10105895996094,132.25719882820738,130.46163501432542,131.10570080310399,60145100
2021-02-16,129.9737091064453,132.7256035555492,129.58335943579118,132.21817131917496,80576300
2021-02-17,127.68043518066406,129.0271153161015,126.34352309220638,128.0805379586296,97918500
2021-02-18,126.57774353027344,126.86073400053525,124.3332814122006,126.0800495824686,96856700
2021-02-19,126.73388671875,127.55361366522426,125.68973288562044,127.094962062069,87668800
2021-02-22,122.95735931396484,126.5875301611266,122.56701700171384,124.91881659012454,103916400
2021-02-23,122.82073974609375,123.65021250049017,115.53112373320839,120.77145192783192,158273000
2021-02-24,122.32305145263672,122.52797948716125,119.27839785951765,121.92295598861077,111039900
2021-02-25,118.06834411621094,123.40625632255099,117.62921364696236,121.66924076662798,148199500
2021-02-26,118.33180236816406,121.83510708261103,118.27324619200536,119.62967972466323,164560400
2021-03-01,124.70414733886719,124.84076604447007,119.82488658116127,120.76170375322148,116307900
2021-03-02,122.09860229492188,125.61166793035277,121.99125798161717,125.30915619930848,102260900
2021-03-03,119.11248779296875,122.67434893414126,118.89779917065528,121.79608068156783,112966300
2021-03-04,117.2291259765625,120.61533441359846,115.75559446642379,118.81000927302023,178155000
2021-03-05,118.48796081542969,118.99540807937608,114.73093169979428,118.05859095189125,153766600
2021-03-08,113.55014038085938,118.07809310772461,113.40376109045417,118.00978376489019,154376600
2021-03-09,118.1659164428711,119.1124940848032,115.92146128458052,116.15566368258474,129525800
2021-03-10,117.08273315429688,119.21984409787017,116.5655253098007,118.75143927948164,111943300
2021-03-11,119.01490020751953,120.23471511713066,118.33180683620104,119.58089611241735,103026500
2021-03-12,118.10736083984375,118.24397951783547,116.28252245017181,117.49257678888105,88105100
2021-03-15,120.9958724975586,121.00563310100158,117.51208158431191,118.47818030587472,92403800
2021-03-16,122.53773498535156,124.14789226969461,121.70826227679905,122.66459306472457,115227900
2021-03-17,121.74730682373047,122.8207426159824,119.38573914658367,121.05445274468458,111932600
2021-03-18,117.61945343017578,120.20546300637888,117.41452538083813,119.91270439580465,121229700
2021-03-19,117.09249877929688,118.49772827437513,116.78998699166908,117.00467565843506,185549500
2021-03-22,120.41036224365234,120.8787744194562,117.35594855559042,117.42425788902442,111912300
2021-03-23,119.58092498779297,121.23987068738833,119.19058263342902,120.35184909024247,95467100
2021-03-24,117.1900634765625,119.93221266793454,117.17054971237121,119.85414272084951,88530500
2021-03-25,117.67799377441406,118.72216260318802,116.12639260654137,116.65335360086424,98844700
2021-03-26,118.28302001953125,118.5465042288051,116.04831804624526,117.44378670396847,94071200
2021-03-29,118.45868682861328,119.61995321991907,117.81462830863143,118.71241046141134,80819200
2021-03-30,117.00466918945312,117.49259524324971,115.98978210413694,117.2095972386284,85671900
2021-03-31,119.20032501220703,120.53723750663126,118.22447299809998,118.7123990051535,118323800
2021-04-01,120.02980041503906,121.18130611520114,119.53211379208796,120.6738663324064,75089100
2021-04-05,122.85978698730469,123.11351063056416,120.09812362016332,120.87880831704123,88651200
2021-04-06,123.16229248046875,124.06007462441202,122.61581768766165,123.44529048250403,80171300
2021-04-07,124.81147003173828,124.830983795515,122.11811647580448,122.79145672607788,83466700
2021-04-08,127.2120361328125,127.24131049441104,125.41647246662609,125.83608157641605,88844600
2021-04-09,129.788330078125,129.82735761061758,126.34357333569822,126.66560631746748,106686700
2021-04-12,128.0708465576172,129.64196917644963,127.47557612711987,129.31993616746033,91420000
2021-04-13,131.1837921142578,131.40824882078488,128.74416183713194,129.2418559434714,91266500
2021-04-14,128.8417510986328,131.74003301621525,128.48069058786155,131.68148427288168,87222800
2021-04-15,131.25209045410156,131.7400164409198,130.41285716116144,130.5885182593821,89347100
2021-04-16,130.92031860351562,131.41799780371278,130.06156400836352,131.05693729907884,84922400
2021-04-19,131.5839080810547,132.1986997366617,130.1201297698555,130.28602285828597,94264200
2021-04-20,129.8956756591797,132.2572359912941,128.6270649312646,131.75955677302224,94812300
2021-04-21,130.27626037597656,130.5202234103885,128.12938865121586,129.16378953467097,68847100
2021-04-22,128.75392150878906,130.91054619483594,128.2367211149233,129.8273498266732,84566500
2021-04-23,131.07644653320312,131.85711621347775,128.9686026596944,128.9686026596944,78657500
2021-04-26,131.466796875,131.79858301727063,130.33480485867753,131.57414120224303,66905100
2021-04-27,131.14474487304688,132.14011804581892,130.87150751429678,131.74976832594788,66015800
2021-04-28,130.35430908203125,131.7595383135996,129.86638309275443,131.06667685708592,107760100
2021-04-29,130.25669860839844,133.76001800843707,129.2515724107939,133.17450095202088,151101000
2021-04-30,128.28550720214844,130.33478741572688,127.90492552746106,128.59777209122348,109839500
2021-05-03,129.33941650390625,130.83248375117557,128.64656992797262,128.85149050777056,75135100
2021-05-04,124.7626724243164,128.3147804318186,123.64044117384255,128.0220218638134,137564700
2021-05-05,125.00663757324219,127.29988066325254,124.87977205806523,126.08006575676235,84000900
2021-05-06,126.60707092285156,126.6168240844227,124.06008861725753,124.80173838054755,78128300
2021-05-07,127.28152465820312,128.307897749906,126.56793194976201,127.90713017156261,78973300
2021-05-10,123.99707794189453,126.62657341198205,123.95797666716017,126.49950732025513,88071200
2021-05-11,123.07825469970703,123.43015134422814,120.0088672609952,120.72245265121907,126142800
2021-05-12,120.00885009765625,121.83679573122357,119.50054838799285,120.62468591755979,112172300
2021-05-13,122.15937042236328,123.31283199690465,121.46533953245027,121.77814229209847,105861300
2021-05-14,124.5835952758789,125.0137018854759,123.01958141071674,123.41058674145887,81918000
2021-05-17,123.43013000488281,124.07528990021518,122.35487097046837,123.96776325099312,74244600
2021-05-18,122.04206848144531,124.1339383673377,121.97364310976869,123.71360895337953,63342900
2021-05-19,121.88566589355469,122.11048890947326,120.09682166067931,120.39007750331018,92612000
2021-05-20,124.44673919677734,124.84752169451296,122.2864439727993,122.41352498808429,76857100
2021-05-21,122.60903930664062,125.1212388827715,122.39398598406174,124.94528684228031,79295400
2021-05-24,124.241455078125,125.06256693036593,123.10754794421824,123.17597331042118,63092900
2021-05-25,124.04595947265625,125.4340286577924,123.47900216167147,124.94526644040783,72009500
2021-05-26,123.99707794189453,124.52493396410016,123.57674856075704,124.10460458296265,56575900
2021-05-27,122.46240997314453,124.76933338548339,122.26691102273217,123.59632476739549,94625600
2021-05-28,121.80746459960938,122.97070334084246,121.74881641359961,122.74587286479516,71311100
2021-06-01,121.48489379882812,122.53082878890919,121.15254410936616,122.26690447420742,67637100
2021-06-02,122.24734497070312,122.42329699238253,121.26006567031901,121.4848886960278,59278900
2021-06-03,120.76153564453125,122.04207082094376,120.36075313288092,121.87589598051592,76229200
2021-06-04,123.05868530273438,123.32261707615766,121.0645647856299,121.27961809499506,75169300
2021-06-07,123.06846618652344,123.47901844884905,122.02253116137574,123.33239051007368,71057600
2021-06-08,123.8895492553711,125.57087420996747,123.37147042485411,123.75269852496304,74403800
2021-06-09,124.2707748413086,124.87683339071532,123.67449347467762,124.34897738790404,56877900
2021-06-10,123.27372741699219,125.30694902913476,123.10755258677628,124.1632572111759,71186400
2021-06-11,124.48585510253906,124.57383485098319,123.26396801386512,123.68429747068124,53522400
2021-06-14,127.54545593261719,127.60410412556826,124.21215187864384,124.94528412175958,96906500
2021-06-15,126.72433471679688,127.66275042731246,126.47995733459727,127.01759055855872,62746300
2021-06-16,127.2228775024414,127.94624002739722,125.57089869031938,127.43793082295223,91815000
2021-06-17,128.82598876953125,129.56890564121335,126.73411873855628,126.8807541337841,96721700
2021-06-18,127.5259017944336,128.5522748841205,127.31084850130004,127.7702791806661,108953300
2021-06-21,129.3245391845703,129.43206585059897,126.30403772378516,127.36951974085984,79663300
2021-06-22,130.9667205810547,131.0644774987528,128.65979753012715,129.15833692853147,74783600
2021-06-23,130.6930389404297,131.29910507401638,130.2336082056393,130.76147177632404,60214200
2021-06-24,130.4095458984375,131.6118784063628,129.94033059947196,131.4261492149737,68711000
2021-06-25,130.11631774902344,130.87877412754855,129.8230618536797,130.45845211286021,70783700
2021-06-28,131.74874877929688,132.20817950576375,130.35091714623502,130.40956533844553,62111300
2021-06-29,133.2638702392578,133.4202753370262,131.3284056301101,131.76828191642397,64556100
2021-06-30,133.87969970703125,134.31957597270352,132.81420307964328,133.1074588952949,63261400
2021-07-01,134.18276977539062,134.241417974861,132.70672048251464,133.52784002194588,52485800
2021-07-02,136.81227111816406,136.8513649452778,134.65196800865726,134.7985885048526,78852600
2021-07-06,138.825927734375,139.93050352064463,136.91978685791386,136.91978685791386,108181800
2021-07-07,141.31857299804688,141.6313683204944,139.45152604310684,140.3117243665474,104911600
2021-07-08,140.0184783935547,140.82002849752848,137.50627159938102,138.39580890191343,105575500
2021-07-09,141.846435546875,142.37428423087343,139.44175508160217,139.53951201949036,99890800
2021-07-12,141.25010681152344,143.02918106026846,140.7613521166739,142.92165443077715,76299700
2021-07-13,142.36451721191406,144.14359208914843,140.39972801414208,140.79072594190478,100827100
2021-07-14,145.79554748535156,146.20611463354894,144.35860721349817,144.76917436169552,127050800
2021-07-15,145.14060974121094,146.626428391954,143.7818721014033,145.88352652438826,106820300
2021-07-16,143.0976104736328,146.39181260894236,142.59908601439943,145.12106223258928,93251400
2021-07-19,139.24624633789062,140.82982210985173,138.48379000590003,140.51701186307943,121434600
2021-07-20,142.86302185058594,143.79166790162552,139.74477876057173,140.23353355980825,96350000
2021-07-21,142.12989807128906,142.8434908596877,141.3772263751189,142.25697909961474,74993500
2021-07-22,143.49838256835938,144.86688975892292,142.53064289499747,142.65772388969611,77338200
2021-07-23,145.21881103515625,145.3752161371665,143.6156960285799,144.23153179548808,71447400
2021-07-26,145.63916015625,146.46026463758602,144.37816442398642,144.9353520535012,72434100
2021-07-27,143.4690704345703,145.85419595024982,142.27650767673055,145.76620876125995,104818600
2021-07-28,141.71932983398438,143.66457920057397,139.33420415472008,141.55315500100113,118931200
2021-07-29,142.36451721191406,143.25405465053123,141.3283592792896,141.43588594676658,56699500
2021-07-30,142.57955932617188,143.038990058725,140.8689174245079,141.13284920856503,70440600
2021-08-02,142.24717712402344,143.64500845625085,141.9832454002648,143.0682814694833,62880000
2021-08-03,144.04580688476562,144.710506214658,141.91482832443904,142.53066410966022,64786600
2021-08-04,143.64501953125,144.46612394001684,142.99008994933277,143.95782973398676,56368300
2021-08-05,143.7525634765625,144.51501979299104,142.88258050445233,143.67436091646556,46397700
2021-08-06,143.06727600097656,144.01688208379585,142.56800458197282,143.2728671370131,54126800
2021-08-09,143.018310546875,143.6154852947151,142.46030312496822,143.12599828625463,48908700
2021-08-10,142.53863525390625,144.60427120704347,142.24494003565766,143.36096991463478,69023100
2021-08-11,142.7931671142578,143.6350854630747,142.4701038589951,142.97917458892059,48493500
2021-08-12,145.75946044921875,145.91609989817144,142.77358630713317,143.1162332344722,72282600
2021-08-13,145.9650421142578,146.29788971819715,145.15249183078768,145.83777070300374,59375000
2021-08-16,147.9425811767578,148.01111654322713,143.3903569726172,145.41682586535111,103296000
2021-08-17,147.03213500976562,148.49079698288415,145.95525743273268,147.07128740440294,92229700
2021-08-18,143.2826690673828,147.55099731267805,143.07707790614015,146.65034281258323,86326000
2021-08-19,143.61549377441406,144.88816305914702,141.4617537976131,141.9806088621801,86960300
2021-08-20,145.0741424560547,145.3776219704318,143.69378569264015,144.33991204206262,60549600
2021-08-23,146.56224060058594,147.03214405494413,144.7805003067872,145.1916676965958,60131800
2021-08-24,146.47410583496094,147.68803914447207,146.01398679478913,146.30768202395666,48606400
2021-08-25,145.24058532714844,147.1593809674563,144.69236226933418,146.6600946599799,58991300
2021-08-26,144.43783569335938,145.98461660195343,144.4084676646739,145.23081728174643,48597200
2021-08-27,145.47555541992188,145.62239555790586,143.7427671019152,144.37909428379132,55802400
2021-08-30,149.90054321289062,150.26277386938224,145.48537440398061,145.86717379155408,90956700
2021-08-31,148.6376495361328,149.587255672955,148.10899512080897,149.45019988712295,86453100
2021-09-01,149.30332946777344,151.72139660647437,149.13690566906416,149.61660833919711,80313700
2021-09-02,150.41937255859375,151.46688207200458,149.19565486795125,150.63474806718364,71115500
2021-09-03,151.05572509765625,151.3787883827347,149.87115971903515,150.5270706537238,57808700
2021-09-07,153.3954620361328,153.9534695341939,151.14381850232894,151.71162530218976,82278300
2021-09-08,151.84866333007812,153.73807604944514,150.74241788918883,153.67933999735516,74420200
2021-09-09,150.8305206298828,152.82762087523673,150.71303360042197,152.22066181852307,57305700
2021-09-10,145.8377685546875,152.21088437935384,145.573441372884,151.74098100789337,140893200
2021-09-13,146.4055633544922,148.23623993767643,145.62238117403191,147.4628570574199,102404300
2021-09-14,145.005615234375,147.8936003081731,143.8210651320534,147.18873787623096,109296300
2021-09-15,145.89651489257812,146.2978978750979,143.29244009500678,145.43639585173057,83281300
2021-09-16,145.6615447998047,145.837767899535,144.12456328294863,145.31891283926268,68034100
2021-09-17,142.98895263671875,145.6909306748569,142.69525742327428,145.6909306748569,129868800
2021-09-20,139.93453979492188,141.79458433792297,138.29965507938874,140.77645799540764,123478900
2021-09-21,140.41424560546875,141.5596584283987,139.77791842647125,140.90373264714654,75834000
2021-09-22,142.7834014892578,143.35119341343096,140.67859787200524,141.41282856542696,76404300
2021-09-23,143.7427520751953,143.98749557155614,142.5777706424446,143.56652899007761,64838200
2021-09-24,143.83087158203125,144.36931031939181,142.4994662214484,142.59736960568088,53477900
2021-09-27,142.31346130371094,142.8910673802959,140.7960633866369,142.41136468969736,74150700
2021-09-28,138.9261932373047,141.70647559830343,138.71081777883722,140.2380147112744,108972300
2021-09-29,139.82688903808594,141.41282248756633,139.04370667783795,139.4744577228724,74602000
2021-09-30,138.52481079101562,141.34426048337465,138.30943533185172,140.6393980602849,89056700
2021-10-01,139.6506805419922,139.91500779058484,136.18511802762384,138.91644980320578,94639600
2021-10-04,136.21449279785156,139.2199512741239,135.36278987889122,138.77940085869702,98322000
2021-10-05,138.14303588867188,139.2492814021404,136.4298312131739,136.55710262635787,80861100
2021-10-06,139.01431274414062,139.16115287396872,135.4606322227177,136.5375096346514,83221100
2021-10-07,140.27720642089844,141.18766019383065,139.7191988951329,140.05204653772714,61732700
2021-10-08,139.89540100097656,141.14848672637,139.5625533728477,141.00164657806616,58773200
2021-10-11,139.8072967529297,141.76524506387435,138.82832259745734,139.27865728167708,64452200
2021-10-12,138.5345916748047,140.23801164416776,138.07447274522886,140.2184279834745,73035900
2021-10-13,137.94723510742188,138.4269228251495,136.27318293183075,138.27029833211344,78762700
2021-10-14,140.73731994628906,140.85480700337075,138.53462808500012,139.12201855652793,69907100
2021-10-15,141.79461669921875,141.85335275996707,140.49257924677562,140.74712209396571,67940300
2021-10-18,143.46864318847656,143.75253907676628,140.14992191440837,140.43381780269812,85589200
2021-10-19,145.6322021484375,146.03358517080088,143.46867744948042,143.91899723333478,76378900
2021-10-20,146.12168884277344,146.6013915952755,145.00565881312252,145.57346566160615,58418800
2021-10-21,146.33705139160156,146.4936908403183,144.76090241654427,145.68114050530517,61421000
2021-10-22,145.5636444091797,147.02230608843539,145.51469272227448,146.54261839545387,58883400
2021-10-25,145.51473999023438,146.22938704972722,144.51618201724224,145.553892389702,50720600
2021-10-26,146.18040466308594,147.66843438585144,145.87691017558996,146.1901890254086,60893400
2021-10-27,145.72030639648438,146.58179347999342,145.36787510933436,146.21957782913032,56094900
2021-10-28,149.3621063232422,149.94948190193364,146.57202377608343,146.669927174846,100077900
2021-10-29,146.65032958984375,146.78738537232746,143.33160784302547,144.12457450867834,124953200
2021-11-01,145.82801818847656,146.55244960962315,144.69240441623955,145.85738622241698,74588300
2021-11-02,146.86570739746094,148.3831203302802,145.5245026428988,145.53430194477542,69122000
2021-11-03,148.30477905273438,148.77468239775834,146.66989423866602,147.22790166001485,54511500
2021-11-04,147.78591918945312,149.22499720293538,147.47264034437023,148.3928782793543,60394600
2021-11-05,148.3153533935547,149.2173222899692,147.11926062749689,148.9133997765836,65463900
2021-11-08,147.4918212890625,148.5996814029073,147.2173096615232,148.44281334152436,55020900
2021-11-09,147.8545684814453,148.46241353148417,147.1192662590711,147.2565220755238,56787900
2021-11-10,145.02120971679688,147.18790692538667,144.95258928599077,147.08006199718062,65187100
2021-11-11,144.97218322753906,146.50160947604698,144.7859042685968,146.0408338404559,41000000
2021-11-12,147.0506591796875,147.45261306165483,144.58983794450572,145.52121785210946,63804000
2021-11-15,147.06044006347656,148.9036023660625,146.5016032105498,147.42318436184277,59222800
2021-11-16,148.0408477783203,148.52125061689011,146.41337526538132,147.00162302853775,59256200
2021-11-17,150.48204040527344,151.96244333873707,148.03103325464866,148.0408318977374,88807000
2021-11-18,154.77618408203125,155.56050930807018,150.05065040073163,150.6977198341957,137827700
2021-11-19,157.40370178222656,157.86449238063588,153.4624776050976,154.56052415802415,117305600
2021-11-22,157.86448669433594,162.4527653050192,157.84487444666516,158.51154126985364,117467900
2021-11-23,158.246826171875,158.6291826815126,155.94287351139204,157.96250097049108,96041900
2021-11-24,158.76644897460938,158.96252656383666,156.5115192990928,157.59976712302952,69463600
2021-11-26,153.73695373535156,157.30561916788554,153.29577548721653,156.4428749154629,76959800
2021-11-29,157.09974670410156,158.03112635226864,155.67815070663897,156.24678611367216,88748200
2021-11-30,162.06060791015625,162.27629775232137,156.7860353404558,156.85467072649087,174048100
2021-12-01,161.541015625,166.9626433245141,161.3057135061921,164.19789952763372,152052500
2021-12-02,160.55078125,160.98216094033538,154.70758806208025,155.62916922602187,136739200
2021-12-03,158.66839599609375,161.72726310588908,156.5899467105327,160.80568201972204,118023100
2021-12-06,162.08021545410156,164.59004449763117,161.06058805531697,161.0703866988541,107497000
2021-12-07,167.82534790039062,168.21751800507252,165.0410074760686,165.76651094991018,120405400
2021-12-08,171.64895629882812,172.51171571219845,167.35478644015964,168.75677048688644,116998900
2021-12-09,171.13916015625,173.28624530636634,170.51170278012245,171.48230721997012,108923700
2021-12-10,175.93328857421875,176.10976886642817,171.26657639018677,171.77639006130698,115402700
2021-12-13,172.29600524902344,178.5607789713786,172.09011406463858,177.57056250136455,153237000
2021-12-14,170.9136505126953,174.25682821034476,168.83520101609776,171.81561944442183,139380400
2021-12-15,175.78623962402344,175.98231720834798,168.9332180976385,171.67834915746462,131063300
2021-12-16,168.88421630859375,177.59019978284007,167.4038131560954,175.76664959457935,150185800
2021-12-17,167.7861328125,170.07047310742206,166.3645517595425,166.59983885479875,195432700
2021-12-20,166.4233856201172,167.2371217897491,164.178269651189,164.98219221796626,107499100
2021-12-21,169.5998992919922,169.80577551895627,165.8057299805719,168.19791539703556,91185900
2021-12-22,172.1979522705078,172.41364208964774,168.7763410121153,169.64889893145047,92135300
2021-12-23,172.82540893554688,173.38424572693862,171.8352074670007,172.4038429011369,68356600
2021-12-27,176.7960662841797,176.8842989595941,173.5999580433746,173.61955533140323,74919600
2021-12-28,175.7764129638672,177.77644307078862,175.03131221487746,176.62937357994824,79144300
2021-12-29,175.8646697998047,177.0901733747063,174.64896486798852,175.81564666485653,62348900
2021-12-30,174.7078399658203,177.03140562560935,174.5999950199249,175.95295616665535,59773000
2021-12-31,174.09014892578125,175.71760635907094,173.7862114626908,174.59994765921613,64062300
2022-01-03,178.44314575195312,179.2961065398854,174.22742479359925,174.34506836720536,104487900
2022-01-04,176.1783905029297,179.35490114678188,175.60975505040156,179.05097865451486,99310400
2022-01-05,171.49205017089844,176.6391646965208,171.21753859297928,176.09014154068254,94537600
2022-01-06,168.6293182373047,171.86465117218228,168.27637255423144,169.31559735445745,96904000
2022-01-07,168.79595947265625,170.72735431349597,167.6783008049415,169.50185073224034,86709100
2022-01-10,168.81556701660156,169.119489502726,164.87434342032694,165.7665135929736,106765600
2022-01-11,171.64895629882812,171.7469876214078,167.47244497092254,168.9430494474789,76138300
2022-01-12,172.0901336669922,173.70779259806037,171.39405592953122,172.66856783412447,74805200
2022-01-13,168.81556701660156,173.15874440691425,168.42339690566672,172.33520961359125,84505800
2022-01-14,169.6783447265625,170.37442243944997,167.73713612609606,167.9822368621362,80440800
2022-01-18,166.47242736816406,169.1587219328493,166.0900708080933,168.14890807010434,90956700
2022-01-19,162.97239685058594,167.72735768644768,162.68808654482677,166.6685205840363,94815000
2022-01-20,161.28610229492188,166.35478432874459,160.9625674893889,163.7076990541045,91420500
2022-01-21,159.2272491455078,163.070426973366,159.1194042209609,161.19785371976124,122848900
2022-01-24,158.4527130126953,159.11939476840692,151.66832669269064,156.88407733764427,162294600
2022-01-25,156.6487579345703,159.5703540851256,153.94285159644792,155.86443270388338,115798400
2022-01-26,156.56053161621094,161.16842196351905,154.72718309601152,160.29586403596446,108275300
2022-01-27,156.09976196289062,160.6292188937634,155.17818077822113,159.26645936487785,121954600
2022-01-28,166.99203491210938,167.01164715968335,159.6096019553616,162.46257810702824,179935700
2022-01-31,171.3548126220703,171.57050245050323,166.18808530239932,166.8253561445004,115541600
2022-02-01,171.18817138671875,171.41365989188193,168.93324145579845,170.5999235926481,86213900
2022-02-02,172.39404296875,172.43326746235797,169.93323706636977,171.32540739423024,84914300
2022-02-03,169.51162719726562,172.786183707371,168.74691425939443,171.0606653164751,89418100
2022-02-04,169.22698974609375,170.90562127726093,167.54835821492657,168.53001022690665,82465400
2022-02-07,168.5103759765625,170.75835233330088,167.8133965069876,169.68835531132382,77251200
2022-02-08,171.62220764160156,172.13267083606547,168.2845821132694,168.57908068618394,74829200
2022-02-09,173.04562377929688,173.4088302479398,171.6909391445202,172.81984799977465,71285000
2022-02-10,168.96197509765625,172.260327151802,168.40244112195853,170.94491677359767,90865900
2022-02-11,165.54580688476562,169.9043445353418,164.95680964270105,169.1681054721721,98670700
2022-02-14,165.7813720703125,166.4685253813581,163.5039325493399,164.299068164894,86185500
2022-02-15,169.61962890625,169.77669680858907,167.1262396166007,167.8330301983069,62527400
2022-02-16,169.3840789794922,170.15957757586978,166.92994864069578,168.69692548039376,61177400
2022-02-17,165.7813720703125,168.7557760286246,165.3788912099791,167.89191759255658,69589300
2022-02-18,164.23036193847656,167.410904431975,163.14072775638053,166.70412886139007,82772700
2022-02-22,161.3050537109375,163.6315640117695,159.17485582320555,161.95293260639133,91162800
2022-02-23,157.13307189941406,163.10150398221023,156.818936011465,162.502695552278,90009200
2022-02-24,159.7540740966797,159.86205643085455,149.21112475761413,149.78048479427957,141147500
2022-02-25,161.82534790039062,162.09038317154068,157.91836192123637,160.83386973446065,91974200
2022-02-28,162.09036254882812,162.38486112479202,159.44971644975743,160.06816196139965,95056600
2022-03-01,160.20559692382812,163.54322257611173,158.99816920673908,161.67807486426554,83474400
2022-03-02,163.50396728515625,164.28929194125575,159.96020269374122,161.37378407895594,79724800
2022-03-03,163.18002319335938,165.81085859107165,162.51250696008478,165.3789292736247,76678400
2022-03-04,160.17613220214844,162.5124684222201,159.1257725009118,161.47191984720897,83737200
2022-03-07,156.37716674804688,161.99221739182056,156.121927641353,160.3626714753167,96418800
2022-03-08,154.55128479003906,159.89147377341504,152.94137619759366,155.90596926887457,131148300
2022-03-09,159.96018981933594,160.41175632836593,156.4851483427237,158.51716018630677,91454900
2022-03-10,155.61148071289062,157.447165177113,153.11807622105542,157.26064889872916,105342000
2022-03-11,151.89102172851562,156.35754167605256,151.66524594480387,156.01395745746433,96970100
2022-03-14,147.85641479492188,151.29219668682538,147.34596655573256,148.671187726746,108732100
2022-03-15,152.244384765625,152.71558844748628,147.62081285085458,148.1312610379761,92964300
2022-03-16,156.66184997558594,157.0643309184818,151.62598505111097,154.16846031293665,102300200
2022-03-17,157.67294311523438,158.04597567713608,154.73781315339022,155.6998279417029,75615400
2022-03-18,160.97129821777344,161.46212424049523,156.82872538769567,157.56496442177837,123511700
2022-03-21,162.34561157226562,163.2978152048177,160.0190861607253,160.50991215775952,95811400
2022-03-22,165.7224884033203,166.31147058252574,161.88422570672876,162.4732078859342,81532000
2022-03-23,167.08702087402344,169.4724284348405,164.57397876026056,164.9077518788254,98062700
2022-03-24,170.8761749267578,170.94488277941835,167.08699751675573,167.9213927494687,90131400
2022-03-25,171.5142364501953,172.06395916657084,169.580380836561,170.68965237563202,80546200
2022-03-28,172.37811279296875,172.5057173789197,168.8441592815926,169.01103833923784,90371900
2022-03-29,175.6764373779297,175.7255079917634,173.10449911531725,173.44808328507239,100589400
2022-03-30,174.50830078125,176.31453707900522,173.45792582774143,175.2739882330989,92633200
2022-03-31,171.4062957763672,174.7635445917373,171.2001422182301,174.57702827219046,103049300
2022-04-01,171.1117401123047,171.67128888454906,168.78522990497535,170.8368787788995,78751300
2022-04-04,175.16600036621094,175.21508596620356,171.23939202795495,171.36701159217134,76468400
2022-04-05,171.84799194335938,175.0285497272662,171.21973527998745,174.2432251533462,73401800
2022-04-06,168.67726135253906,170.44423791053993,167.00845598396842,169.19753570311426,89058800
2022-04-07,168.98158264160156,170.17919933632717,166.73360604638012,168.0195678303507,77594700
2022-04-08,166.9691619873047,168.62815603441808,166.0954924273171,168.62815603441808,76575500
2022-04-11,162.70883178710938,165.92864940184566,162.46341876782265,165.61452852614607,72246700
2022-04-12,164.58377075195312,166.75321318939567,163.5824815614611,164.93716605572558,79265200
2022-04-13,167.27349853515625,167.90175523000033,163.71011188136575,164.31873134170252,70618900
2022-04-14,162.2572479248047,168.12753750441655,162.01183493170848,167.4894547350742,75329400
2022-04-18,162.04129028320312,163.5432165286054,160.56881239721503,160.91238158332047,69023900
2022-04-19,164.3285369873047,164.7408440040976,160.90258113171808,161.99221543879506,67723800
2022-04-20,164.16163635253906,165.7813709088185,163.0523799363438,165.66356250002266,67929800
2022-04-21,163.3665008544922,168.38274246164556,162.86586379792752,165.81081937992397,87227800
2022-04-22,158.8214569091797,164.78990235630212,158.53678444420197,163.40578453855588,84882400
2022-04-25,159.8914794921875,160.17615197605645,155.55257953271186,158.16376241881838,96046400
2022-04-26,153.9230194091797,159.36136429126918,153.84448546049006,159.27301921605053,95623200
2022-04-27,153.69728088378906,156.85818695569935,152.52911245475866,153.04938688433683,88063200
2022-04-28,160.63754272460938,161.50140133184425,156.01395492484127,156.3280907743164,130216800
2022-04-29,154.75741577148438,163.1505424974972,154.36476100370217,158.87053962186658,131747600
2022-05-02,155.061767578125,155.32680285229077,150.45781697290937,153.83470249054395,123055300
2022-05-03,156.5538787841797,157.76132169874938,153.45186941180674,155.24827964309745,88966500
2022-05-04,162.97386169433594,163.42541320530594,156.33788489489382,156.74036579119067,108256500
2022-05-05,153.89356994628906,161.0694428169404,152.10695632876542,160.84366707784005,130525300
2022-05-06,154.62106323242188,156.74455042350417,151.57346504147074,153.3725293282909,116124600
2022-05-09,149.48931884765625,153.19558860822082,148.92896288962842,152.31079472594658,131577900
2022-05-10,151.8979034423828,154.09021465537515,150.3446125608553,152.89083834180113,115366700
2022-05-11,144.02330017089844,152.82199025284592,143.34496277337416,150.90495956472975,142689800
2022-05-12,140.14990234375,143.728364519164,136.45347366831103,140.35635871962023,182602000
2022-05-13,144.6230010986328,145.59626984264398,140.69062395231782,142.14559929622243,113990900
2022-05-16,143.07955932617188,145.0260971333287,141.74255027718928,143.08939987118117,86643800
2022-05-17,146.7169952392578,147.23803400578663,144.20026129048028,146.3434146138869,78336300
2022-05-18,138.43936157226562,144.86879239266452,137.53490151723796,144.36741964547258,109742900
2022-05-19,135.02801513671875,139.26514939022877,134.29069437332384,137.5152426451712,136095600
2022-05-20,135.26393127441406,138.3213549245238,130.36812621760984,136.73857261689477,137426100
2022-05-23,140.69064331054688,140.83810147349175,135.32294116689727,135.46057378592263,117726300
2022-05-24,137.9871063232422,139.56988862899178,135.00833201503448,138.4294957252956,104132700
2022-05-25,138.14442443847656,139.39294348204788,136.00127092128338,136.0897458139781,92482700
2022-05-26,141.3493194580078,141.89984995235616,134.8215728806199,135.06734649422762,90601500
2022-05-27,147.11019897460938,147.14951613783208,142.80424206169536,142.93204909361344,90978500
2022-05-31,146.32374572753906,148.11298447709316,144.35755721198225,146.5498682074242,103718400
2022-06-01,146.19595336914062,149.17472776391935,145.18335248498283,147.36582293275725,74286600
2022-06-02,148.65367126464844,148.712654512819,144.37720576236944,145.33080827666313,72348100
2022-06-03,142.9222412109375,145.46845161750497,142.01779633681872,144.4165336112239,88570300
2022-06-06,143.66940307617188,146.05833007006927,142.45036072118282,144.54435641942476,71598400
2022-06-07,146.19595336914062,146.48104410293644,141.66388825021798,141.9096618141491,67808200
2022-06-08,145.4586639404297,147.33636297180345,144.96711670692042,146.06817770971523,53950200
2022-06-09,140.22857666015625,145.44880522785593,140.12043568225837,144.5935179486459,69473000
2022-06-10,134.81173706054688,138.38035945755297,134.74291325358388,137.90847835562724,91437900
2022-06-13,129.65048217773438,132.91434748083088,129.2179182819536,130.6237359424125,122207100
2022-06-14,130.51559448242188,131.62649584691928,129.25723497256138,130.87934957569854,84784300
2022-06-15,133.14047241210938,135.0181863871141,129.9257644034857,132.0197453538818,91533000
2022-06-16,127.86124420166016,130.1518557555823,126.85848380018383,129.84709891808183,108123900
2022-06-17,129.33587646484375,130.83018391739205,127.61546153618984,127.87107564040531,134520300
2022-06-21,133.572998046875,134.74288249152107,131.06611995214928,131.16442036715884,81000500
2022-06-22,133.0618133544922,135.4310591073431,131.64615522779903,132.5112679712454,73409200
2022-06-23,135.93246459960938,136.24704700188127,133.33709602733944,134.5069807437755,72433800
2022-06-24,139.26515197753906,139.51092556990343,137.4071042192977,137.53489628676303,89116800
2022-06-27,139.26515197753906,141.06421647374572,138.5868144624807,140.28756352140977,70207900
2022-06-28,135.11647033691406,140.99536950005523,134.99850383222812,139.72718457219997,67083400
2022-06-29,136.87623596191406,138.29189436889533,134.35951657209444,135.13616958742787,66242400
2022-06-30,134.40863037109375,136.03072968185316,131.508505693856,134.92966905883227,98964500
2022-07-01,136.58128356933594,136.68942454210836,133.36657601668242,133.74014164921843,71051600
2022-07-05,139.1668243408203,139.2159820551499,134.6150930089742,135.44090360755794,73353800
2022-07-06,140.50384521484375,141.68355545577728,138.69495517869038,138.96039485817002,74064300
2022-07-07,143.8758544921875,144.07247034886072,140.857747839313,140.86757338185674,66253700
2022-07-08,144.55418395996094,145.0555716697527,142.54867812328092,142.8042772492725,64547800
2022-07-11,142.4208526611328,144.16093360400728,141.34928357800885,143.2073310252046,63141600
2022-07-12,143.39413452148438,145.94034514627222,142.597830542374,143.2958190916168,77588800
2022-07-13,143.0303955078125,143.97415763799123,139.7173575069719,140.57265975093034,71185600
2022-07-14,145.96002197265625,146.43190306892052,140.82826817318988,141.64423829848138,78140700
2022-07-15,147.63125610351562,148.30959351033036,145.6945593046606,147.24784996064128,76259900
2022-07-18,144.58372497558594,149.00765052116517,144.2199697857166,148.1916802315473,81420900
2022-07-19,148.44723510742188,148.67334258980395,144.42638313418118,145.41930294883997,82982400
2022-07-20,150.45274353027344,151.1212554478555,147.8278835762641,148.56520429371037,64823400
2022-07-21,152.72372436523438,152.9400063380094,149.37136878805202,151.88808810670997,65086600
2022-07-22,151.48500061035156,153.63797957756256,150.8165036712,152.76302623024424,66675400
2022-07-25,150.36428833007812,152.41895206482627,149.70561686969222,151.40636601369852,53623900
2022-07-26,149.03709411621094,150.50189494637155,148.25061571701698,149.68592491978026,55138700
2022-07-27,154.1393585205078,154.6702378768067,149.58764182197348,150.00053965418954,78620700
2022-07-28,154.6898956298828,154.97498637932796,151.7995959592648,154.3261405347344,81378700
2022-07-29,159.7626495361328,160.86372535437394,156.8035410889223,158.51413057382698,101786900
2022-08-01,158.77957153320312,160.82440969031893,158.17005780397355,158.28802433199732,67829400
2022-08-02,157.304931640625,159.66436723257505,156.9313659642097,157.39342153843546,59907000
2022-08-03,163.3214874267578,163.7737024778556,158.03243443212287,158.1209093333162,82507500
2022-08-04,163.0068359375,164.3635106425103,161.6501612324897,163.2034517641096,55474100
2022-08-05,162.7804718017578,163.27270181625158,160.4669847249699,160.6737279405912,56697000
2022-08-08,162.30789184570312,165.20220622926755,161.64830554399492,163.7845816314674,60276900
2022-08-09,162.3571014404297,163.24312423537512,160.71305544763848,161.47109366714804,63135500
2022-08-10,166.6099853515625,166.7084223205678,164.30633795620102,165.07421541409994,70170500
2022-08-11,165.8716278076172,168.33277716959444,165.5762868798472,167.41722179567384,57149200
2022-08-12,169.42556762695312,169.49447201390402,166.7675136783622,167.18100008673593,68039400
2022-08-15,170.4986114501953,170.69550042466776,168.6872088503834,168.85456522976827,54091700
2022-08-16,170.34112548828125,171.0105661502061,168.99241999315592,170.0950104696573,56377100
2022-08-17,171.8374786376953,173.4126054655057,169.88825224075944,170.0851412165275,79542000
2022-08-18,171.44369506835938,172.18204003423804,170.4297025169527,171.04991709522415,62290100
2022-08-19,168.85455322265625,171.04005523372263,168.6478100500787,170.34108214913311,70346300
2022-08-22,164.96597290039062,167.22037973855075,164.54264728016773,167.05302333761028,69026800
2022-08-23,164.6312255859375,166.0882370598649,164.06023703885776,164.4835626089626,54147100
2022-08-24,164.92654418945312,165.49753265907893,163.6664368846458,164.71981604973067,53841500
2022-08-25,167.38771057128906,167.49600175790545,165.73382519932846,166.15713573322356,51218200
2022-08-26,161.0773162841797,168.3918608006587,161.01825109648692,167.91932427745144,78961000
2022-08-29,158.87213134765625,160.36849946589015,157.33637642429446,158.64569477233294,73314000
2022-08-30,156.4405059814453,160.03377814075716,155.26899644924123,159.61046764917498,77906200
2022-08-31,154.7767791748047,158.084564879281,154.69802058402368,157.81875651310324,87991100
2022-09-01,155.50531005859375,155.95815325184458,152.26642820794754,154.20581563274152,74229900
2022-09-02,153.38868713378906,157.86798246463846,152.56174446332417,157.26746135406307,76957800
2022-09-06,152.12860107421875,154.64881624550407,151.3016582877034,154.03845585855234,73714800
2022-09-07,153.53636169433594,154.2353197614945,151.22287508520006,152.41407808901712,87449600
2022-09-08,152.0596923828125,153.9301603024717,150.3073398300262,152.2368879656222,84923800
2022-09-09,154.92445373535156,155.36747271934937,152.34517353637017,153.05398588476703,68028800
2022-09-12,160.8902587890625,161.70736223015916,156.82445000741808,157.10993674145692,104956000
2022-09-13,151.4492950439453,158.04517283101427,150.98659772699438,157.41511914732905,122656600
2022-09-14,152.89646911621094,154.65866080063967,151.22289024182777,152.38454574724284,87965400
2022-09-15,150.00216674804688,152.8275771883029,149.0275609531104,152.2467343665888,90481100
2022-09-16,148.35812377929688,148.99803181293044,146.06433010273614,148.86020800935316,162278800
2022-09-19,152.07936096191406,152.15811955641868,146.78297692105565,146.98970508767258,81474200
2022-09-20,154.46176147460938,155.62343203686572,150.70113224453698,151.01615161997927,107689800
2022-09-21,151.33116149902344,156.27315389590652,151.21303113007994,154.8949011643533,101696800
2022-09-22,150.3663787841797,152.06948984550405,148.56481574497693,150.01197269414533,86652500
2022-09-23,148.09228515625,149.11613179254852,146.25135007934554,148.84048424162157,96029900
2022-09-26,148.42701721191406,151.38039679019585,147.31457276382835,147.3342661670832,93339400
2022-09-27,149.40164184570312,152.31565000946952,147.6197716771559,150.3664234461509,84442700
2022-09-28,147.511474609375,148.29904557000611,142.58917488251384,145.34566573388943,146691400
2022-09-29,140.26583862304688,144.4399538960587,138.49380784574632,143.8295935811918,128138200
2022-09-30,136.05235290527344,140.8762153477741,135.85546393289223,139.0844911492741,124925300
2022-10-03,140.23629760742188,140.84667290730152,135.55027429699052,136.0621976067289,114311700
2022-10-04,143.82957458496094,143.94770494729045,142.01815723981503,142.77619544864433,87830100
2022-10-05,144.1249237060547,145.0897052260287,140.7876052377075,141.83114535247526,79471000
2022-10-06,143.1699981689453,145.24720918960443,142.9632699990137,143.54409774342406,68402200
2022-10-07,137.91299438476562,140.87622852536393,137.282940601211,140.32491832079495,85925600
2022-10-10,138.2378692626953,139.68502664208134,136.4166273038199,138.2378692626953,74899000
2022-10-11,136.8202362060547,139.15341644364526,136.0720520706598,137.72593753469053,77033700
2022-10-12,136.190185546875,138.1787988471096,136.0129899667056,136.96791731761857,70433700
2022-10-13,140.76792907714844,141.35859601492572,132.28187436958524,132.89224973345455,113224000
2022-10-14,136.2295684814453,142.27415178693437,136.04251869325435,142.06740859428484,88598000
2022-10-17,140.19692993164062,140.67930564113678,138.09018646721276,138.87775734642221,85250900
2022-10-18,141.51611328125,144.42026703642762,138.4249097380949,143.22907894720203,99136600
2022-10-19,141.62440490722656,142.69746261645687,139.30107889163025,139.488128680181,61758300
2022-10-20,141.1616668701172,143.62281596473647,140.43316133031158,140.79742161104537,64522000
2022-10-21,144.98141479492188,145.5524033439164,140.43319980718348,140.6497821885837,86548600
2022-10-24,147.12754821777344,147.89542583807577,143.7311641246412,144.9026739617267,75981900
2022-10-25,149.9726104736328,150.12028846465364,147.03892431633474,147.7575758033074,74732300
2022-10-26,147.0290985107422,149.62807215966112,145.73944336708044,148.61407962000084,88194300
2022-10-27,142.5497589111328,146.73371238215424,141.89017275477124,145.76894614078407,109180200
2022-10-28,153.31980895996094,155.05245318778273,145.52288740226115,145.8969719952182,164762400
2022-10-31,150.95706176757812,151.84308459846838,149.55913065750443,150.7798662143987,97943200
2022-11-01,148.3088836669922,153.03429437423398,146.8125153766711,152.6700490040681,80379300
2022-11-02,142.77622985839844,149.80527352264477,142.74669726069857,146.63531118174276,93604600
2022-11-03,136.72178649902344,140.58086724418428,136.59380191372105,139.8523615595117,97918500
2022-11-04,136.45555114746094,140.68588340372804,132.51117923439392,140.11394767074316,140814800
2022-11-07,136.98802185058594,137.21481900121177,133.7832199726521,135.2031961352515,83374600
2022-11-08,137.55996704101562,139.46311921929427,135.57792562085092,138.457315240062,89908500
2022-11-09,132.99436950683594,136.62319988243638,132.71826464687123,136.57389221888846,74917800
2022-11-10,144.8274688720703,144.8274688720703,137.5599685390709,139.27577571396307,118854000
2022-11-11,147.6181182861328,147.92380470701315,142.36224081918826,143.79208769866335,93979700
2022-11-14,146.21788024902344,148.19006640295856,145.3796951149665,146.89828687958484,73374100
2022-11-15,147.95338439941406,151.45401749484597,146.49397099909157,150.10307492440734,89868300
2022-11-16,146.7207489013672,147.78573098764542,145.24160962263343,147.05603190661645,64218300
2022-11-17,148.6239471435547,149.3733724520642,144.11749463891493,144.39359949187033,80389400
2022-11-18,149.18597412109375,150.57636858986908,147.88433944033332,150.19179299707827,74829600
2022-11-21,145.9516143798828,148.27879437989566,145.66565404043791,148.07172328326632,58724100
2022-11-22,148.09146118164062,148.32812895303292,144.88665846281648,146.06998227319062,51804100
2022-11-23,148.9690704345703,149.71849566611712,147.26311878314957,147.3715896104273,58301400
2022-11-25,146.0502471923828,146.80954307968733,145.07400962299127,146.24746279975653,35195900
2022-11-28,142.21432495117188,144.6006680593858,141.38601049309779,143.12152865000314,69246000
2022-11-29,139.2067413330078,142.79611910491008,138.39815293017466,142.28334655275705,83763800
2022-11-30,145.97134399414062,146.65175056417294,138.59537264763534,139.43354266054223,111380900
2022-12-01,146.24745178222656,147.05605527210508,144.5710966759583,146.1488515092609,71250400
2022-12-02,145.75440979003906,145.94176987503505,143.62444521311474,143.93014669455255,65447400
2022-12-05,144.5908203125,148.82115263004172,143.7427797370437,145.7149657221435,68826400
2022-12-06,140.9225311279297,145.2514780860589,139.94629380127552,145.0246809463006,64727200
2022-12-07,138.97996520996094,141.37616424281495,138.05303527991336,140.21258159638873,69721100
2022-12-08,140.66615295410156,141.5240640501762,139.13772092261513,140.38019261979954,62128300
2022-12-09,140.1829833984375,143.54556411340621,138.94049659830839,140.3604729146931,76097000
2022-12-12,142.4805908203125,142.4904463340837,139.09828382013,140.71547582717935,70462700
2022-12-13,143.4469451904297,147.8843635443182,142.23405505341051,147.420898645852,93886200
2022-12-14,141.21839904785156,144.6204172233284,139.1969051895986,143.3286376736575,82291200
2022-12-15,134.60166931152344,139.82796424282577,134.1382044845264,139.147557792699,98931900
2022-12-16,132.6393585205078,135.7356898104224,131.8702072160859,134.78904899571134,160156900
2022-12-19,130.5291290283203,133.31977409731115,129.49374338835526,133.23102933615738,79592600
2022-12-20,130.46009826660156,131.39688354522443,128.0836106828586,129.56275008486864,77432800
2022-12-21,133.5662841796875,134.9073711645486,130.90383628158227,131.13063344213398,85928000
2022-12-22,130.39105224609375,132.68865037286486,128.4879002839557,132.48157930219233,77852100
2022-12-23,130.0262451171875,130.57845488119247,127.83711709089096,129.09931513621305,63814900
2022-12-27,128.2216796875,129.58249292838534,126.92990018333715,129.55291134024313,69007800
2022-12-28,124.28715515136719,129.20775681904706,124.1195211570346,127.86666981780208,85438400
2022-12-29,127.80750274658203,128.66539876390968,125.95365078301222,126.21002952300181,75703700
2022-12-30,128.12303161621094,128.14275768545937,125.6578071138234,126.62418137813751,77034200
2023-01-03,123.33063507080078,129.07955079083166,122.44314998227297,128.46817802573926,112117500
2023-01-04,124.60271453857422,126.87073149260826,123.3405166774151,125.12534263515172,89113600
2023-01-05,123.28133392333984,125.99308946159266,123.02495518012978,125.36199059273537,80962700
2023-01-06,127.81735229492188,128.47803270861587,123.15313725839339,124.25756397513359,87754700
2023-01-09,128.33998107910156,131.55465346679887,128.08360234953716,128.65553802002677,70790800
2023-01-10,128.91192626953125,129.43455432577363,126.33822308555574,128.44846138243565,63896200
2023-01-11,131.63356018066406,131.65327120715185,128.64569958998982,129.42470644063985,69458900
2023-01-12,131.55467224121094,132.39284227281698,129.6120678053339,132.01813716022232,71379600
2023-01-13,132.8858642578125,133.04364272167805,129.82898551497536,130.1938350469048,57809700
2023-01-17,134.0494842529297,135.38070076927318,132.26465833803292,132.95492042575748,63646600
2023-01-18,133.3296356201172,136.68234566241608,133.15213106325567,134.91724588612811,69672800
2023-01-19,133.38877868652344,134.35514542774973,131.9096394708051,132.2153258346004,58280400
2023-01-20,135.95260620117188,136.10052914550886,132.35337358769686,133.3986295227189,80223600
2023-01-23,139.14759826660156,141.32687064316994,135.98223278773898,136.19917447397063,81760300
2023-01-24,140.54782104492188,141.16906439218428,138.34883807200805,138.35869358432294,66435100
2023-01-25,139.8871612548828,140.44922647148869,136.87957443059517,138.93064978868992,65799300
2023-01-26,141.95794677734375,142.24390711048304,139.9265826744515,141.17892492583348,54105100
2023-01-27,143.90054321289062,145.18246711281154,141.09018721144076,141.16907645645273,70555800
2023-01-30,141.0113067626953,143.52584706043817,140.863398823187,142.9440557695909,64015300
2023-01-31,142.28334045410156,142.3326481092963,140.301299106578,140.71545632636276,65874500
2023-02-01,143.40748596191406,144.57108343034756,139.35465851027638,141.96779872652098,77663600
2023-02-02,148.72254943847656,149.07752846410273,146.10939403157928,146.82923768896234,118339000
2023-02-03,152.3513641357422,155.19131670929613,145.774125819744,145.97134140477755,154357300
2023-02-06,149.61990356445312,150.97086135861267,148.6831181180358,150.4482332133508,69858300
2023-02-07,152.49925231933594,153.071187974496,148.54502543131906,148.54502543131906,83322600
2023-02-08,149.8072509765625,152.4302620416696,149.06768120571854,151.73999993153234,64120100
2023-02-09,148.77183532714844,152.1837234806971,148.32809651858278,151.64136936063508,56007100
2023-02-10,149.1372528076172,149.46316214008027,147.3694580195322,147.60648709847575,57450700
2023-02-13,151.94204711914062,152.3469510828992,149.0483754519819,149.07800220373113,62199000
2023-02-14,151.30010986328125,151.86304832604316,148.98913264360064,150.23350151506878,61707600
2023-02-15,153.4036865234375,153.57157647071767,150.98407305919312,151.21121650909475,65573800
2023-02-16,151.80377197265625,154.39127521881363,151.44823591009165,151.60624021713144,68167900
2023-02-17,150.6581573486328,151.10257366904202,148.97924287733272,150.46064065840176,59144100
2023-02-21,146.63861083984375,149.42364564911486,146.5694867858314,148.33728134701136,58867200
2023-02-22,147.0632781982422,148.09037388155102,145.3349810354075,147.0237658241407,51011300
2023-02-23,147.5471954345703,148.4755403448602,145.41399433616917,148.22864074401951,48394200
2023-02-24,144.89056396484375,145.36460696451104,143.9128361503219,145.28559728630728,55469600
2023-02-27,146.08558654785156,147.32008482695682,145.62141398934327,145.87819927591497,44998500
2023-02-28,145.58189392089844,147.23118155565606,145.00908500057525,145.22635786930326,50547000
2023-03-01,143.50796508789062,145.40415278885536,143.21168246314858,145.0091193355728,55479000
2023-03-02,144.1005096435547,144.8905915062189,142.11542689154663,142.58948505088003,52238100
2023-03-03,149.15699768066406,149.23600736765022,145.50288630750634,146.20407279147852,70732300
2023-03-06,151.92230224609375,154.3616721188966,151.55689556759242,151.8827898611123,87558000
2023-03-07,149.71994018554688,152.11979733212814,149.25576768015293,151.79388801539042,56182000
2023-03-08,150.9741973876953,151.5667625921133,149.94710144553787,150.91494388116536,47204800
2023-03-09,148.7224578857422,152.62346903568368,148.3669218148619,151.65562670311525,53833600
2023-03-10,146.6583709716797,149.0681136196498,145.7794089470896,148.34717096498875,68572400
2023-03-13,148.60394287109375,151.24082897559975,145.86829089184172,145.97692732623966,84457100
2023-03-14,150.69766235351562,151.49761478500946,148.23855155589501,149.4039106364519,73695900
2023-03-15,151.09271240234375,151.34948260848185,148.06077752387876,149.31503194180715,77167900
2023-03-16,153.917236328125,154.5196720318581,149.7594399024329,150.27299535550645,76161100
2023-03-17,153.0777587890625,154.79618550631548,152.3666867039617,154.1443669167137,98944600
2023-03-20,155.44802856445312,155.86283327756414,152.23833280571804,153.14693686632677,73641400
2023-03-21,157.30470275878906,157.42320976774403,154.59867718770118,155.36901795458434,73938300
2023-03-22,155.8726806640625,160.12922799549253,155.85292447362312,157.32445173541882,75701800
2023-03-23,156.9590301513672,159.54654859691777,155.72453196517867,156.86027933820688,67622100
2023-03-24,158.26266479492188,158.35154504613158,155.8924343453171,156.88990343786057,59196500
2023-03-27,156.31710815429688,158.77623413977568,155.91218910395636,157.9565254779494,52390300
2023-03-28,155.69491577148438,156.5245100617194,154.04562789125012,156.0109545619661,45992200
2023-03-29,158.7762451171875,159.05277154396305,157.37385679009435,157.39359791374972,51305700
2023-03-30,160.3464813232422,160.45511775307082,159.27000265374878,159.52677281990913,49501700
2023-03-31,162.85501098632812,162.95377687892702,159.90210067407045,160.42552675181378,68749800
2023-04-03,164.10926818847656,164.22777520589742,162.18345380758916,162.23283675470108,56976200
2023-04-04,163.5759735107422,164.77095946962157,163.06241797980005,164.5339454319251,46278300
2023-04-05,161.72914123535156,163.00315186770885,159.79345641920935,162.69699871298138,51511700
2023-04-06,162.6179656982422,162.9142482495303,159.99095018347427,160.41561028699388,45390100
2023-04-10,160.02059936523438,160.02059936523438,158.09478511621296,159.41816361866267,47716900
2023-04-11,158.8058319091797,160.34648306196001,158.5194199230912,160.33661250261622,47644200
2023-04-12,158.1145477294922,160.05023261805474,157.7985089324277,159.22065338009935,50133100
2023-04-13,163.50682067871094,163.74384976611952,159.4181631056541,159.62556544083142,68445600
2023-04-14,163.16119384765625,164.25742904768416,161.78843220704118,162.54887238387545,49386500
2023-04-17,163.180908203125,163.33892759169828,161.99579292794192,163.04264500551295,41516200
2023-04-18,164.40553283691406,165.33387789076258,163.5956947875371,164.04012619342146,49923000
2023-04-19,165.5511474609375,166.0745734796078,163.4870550672227,163.74384033117565,47720200
2023-04-20,164.58326721191406,165.7881384645981,163.50678857339403,164.0302145194471,52456400
2023-04-21,162.97352600097656,164.38578477260316,162.45009994594136,163.00315275355902,58337300
2023-04-24,163.2796630859375,163.5463189024918,161.85751882372426,162.95375377005053,41949600
2023-04-25,161.73899841308594,164.24749178401862,161.69948603710247,163.1413863693782,48714100
2023-04-26,161.72914123535156,163.23029532612622,160.78105501874768,161.0378252295865,45498800
2023-04-27,166.32147216796875,166.4696059197472,163.14140369362494,163.14140369362494,64902300
2023-04-28,167.57568359375,167.74358857726295,165.7980185897003,166.40045419604542,55275900
2023-05-01,167.48684692382812,168.33618234272492,166.54863124552048,167.180693761707,52472900
2023-05-02,166.4498748779297,168.2374411469596,165.46227619804043,167.98065584567004,48425700
2023-05-03,165.37338256835938,168.80035091617836,165.08698560494395,167.39796271242133,65136000
2023-05-04,163.73394775390625,164.96844587189068,162.27230620168868,162.8451151367803,81235400
2023-05-05,171.41751098632812,172.13845380689077,168.64234602308835,168.85961893934999,113453200
2023-05-08,171.34835815429688,171.69402369424722,169.9755966946327,170.34100335662225,55962800
2023-05-09,169.63980102539062,171.38783954566773,169.47191108630196,170.90392591816433,45326900
2023-05-10,171.4075927734375,171.87176527271458,169.76817565129102,170.87429621552187,53724500
2023-05-11,171.59523010253906,172.4248091810175,170.03482274851166,171.69399597502493,49514700
2023-05-12,170.6656036376953,172.13915102119938,169.1129221963601,171.70400424552835,45533100
2023-05-15,170.171142578125,171.29856159606754,169.57775779377548,171.24911034897144,37266700
2023-05-16,170.171142578125,171.2293268320526,169.90411791612752,170.0920236008516,42110300
2023-05-17,170.78428649902344,171.0216283275313,168.5393327985131,169.81510548834717,57951600
2023-05-18,173.1182403564453,173.3061460276606,170.67549681144826,171.0908600944711,65496700
2023-05-19,173.22705078125,174.44347306887536,173.00947735219142,174.44347306887536,55809500
2023-05-22,172.2776336669922,172.78201528070161,171.5359102025042,172.06006024351018,43570900
2023-05-23,169.666748046875,171.46667068919274,169.38983919273392,171.21942956296672,50747300
2023-05-24,169.94366455078125,170.51726580029353,168.6382391925545,169.20194113871563,45143500
2023-05-25,171.0810089111328,171.98095531956056,169.79535178285977,170.50740757419857,56058300
2023-05-26,173.4940185546875,173.83027792153462,171.1996289790676,171.40731814416733,54835000
2023-05-30,175.3434295654297,177.01478218217846,174.62148962052487,175.00718521743593,55964400
2023-05-31,175.29397583007812,177.37080753192686,174.80937774220615,175.37309480914308,99625300
2023-06-01,178.10263061523438,178.13229834590607,174.97749886766357,175.73900583250884,68901800
2023-06-02,178.953125,179.77396735384346,177.28177256425622,179.03224397161875,61996900
2023-06-05,177.5982666015625,182.90900173212887,176.07525265044882,180.61461168229852,121946500
2023-06-06,177.2323455810547,178.13229186267904,175.47197477965813,177.9839532147194,64848400
2023-06-07,175.85769653320312,179.21028600208987,175.36321422162453,176.47084977063176,61944600
2023-06-08,178.57736206054688,178.8443716628685,175.50168125821915,175.93681304769265,50214900
2023-06-09,178.96304321289062,180.21901740774703,178.63668307937917,179.4970774647442,48900000
2023-06-12,181.76182556152344,181.8607280731199,178.97295280127733,179.26964524566213,54274900
2023-06-13,181.28709411621094,182.11782073883157,180.4266997635254,180.78272761470595,54929100
2023-06-14,181.92005920410156,182.35520610009794,180.01136451714052,181.34645784941577,57462900
2023-06-15,183.95729064941406,184.46167222814515,181.75190392659053,181.92992539273135,65433200
2023-06-16,182.87933349609375,184.92649747799743,182.2365125370702,184.66935702206612,101256200
2023-06-20,182.96832275390625,184.0463055632048,182.37495308855412,182.37495308855412,49799100
2023-06-21,181.92994689941406,183.363942649416,180.57505504326872,182.85956101105992,49515700
2023-06-22,184.93638610839844,184.98583735805877,181.6431320743364,181.7123668419414,51245300
2023-06-23,184.6199188232422,185.49021256870566,182.968349622031,183.50239899871212,53117000
2023-06-26,183.22544860839844,185.97476858314397,183.18588157961648,184.7682307420945,48088700
2023-06-27,185.98468017578125,186.31104030447904,183.62105538648717,183.83862880561904,50730800
2023-06-28,187.16152954101562,187.80435042269775,185.5297441703453,185.85608917215896,51216800
2023-06-29,187.497802734375,187.97251662731944,186.85498175364998,186.99343619982474,46347300
2023-06-30,191.82943725585938,192.33380369723812,189.14933693308197,189.51526404426266,85213200
2023-07-03,190.3361358642578,191.74046380244184,189.64384856353968,191.64156130508144,31458200
2023-07-05,189.21859741210938,190.8503829545932,188.51642591121868,189.45595434700246,46920300
2023-07-06,189.6933135986328,189.90100282202306,187.11211517011608,187.74505196417672,45094300
2023-07-07,188.57577514648438,190.54382026308585,188.14064336966692,189.2977302172838,46815000
2023-07-10,186.5286102294922,187.89338618022617,184.97592859390042,187.17143117099337,59922200
2023-07-11,186.00445556640625,187.21099353236755,184.54079224834234,187.07253909809666,46638100
2023-07-12,187.67581176757812,189.584506155405,186.39015480100775,187.58679348705417,60750200
2023-07-13,188.4373016357422,189.0801376574393,187.6856939986458,188.39774969290625,41342300
2023-07-14,188.58566284179688,189.07024584013215,187.53736277551775,188.13073248396137,41616200
2023-07-17,191.84925842285156,192.17561856911308,189.6933076328095,189.78231082986184,50520200
2023-07-18,191.5921173095703,192.185502135392,190.296576033276,191.21632100425936,48288200
2023-07-19,192.94699096679688,196.04243976648678,190.5240157315845,190.9690618542327,80507300
2023-07-20,190.9987335205078,194.3018715848771,190.3756810082794,192.9370956401489,59581200
2023-07-21,189.8218536376953,192.81841494586592,189.1196821840786,191.95802063670834,71951700
2023-07-24,190.6229248046875,192.759091941705,190.1284425094743,191.27564505606543,45377800
2023-07-25,191.48330688476562,192.29426504028103,190.7910347339605,191.19651381171818,37283200
2023-07-26,192.35360717773438,193.48102617402893,191.18663623876353,191.53276478098633,47471900
2023-07-27,191.08773803710938,195.02381285425056,190.42513357699178,193.85684188907683,47460200
2023-07-28,193.66893005371094,194.46010471349214,191.9975775461535,192.52172755154825,48291400
2023-07-31,194.2821044921875,194.3216715292241,193.10523413200033,193.89640887829788,38824100
2023-08-01,193.45135498046875,194.55899044039094,193.12499487022708,194.07440747187567,35175100
2023-08-02,190.45481872558594,193.02611782368746,189.73287873889473,192.88766337294663,50389300
2023-08-03,189.06036376953125,190.247118290272,188.58566497931545,189.45595867004647,61235200
2023-08-04,179.98165893554688,185.31217710978225,179.9124241755589,183.47270249377223,115956800
2023-08-07,176.87631225585938,181.10907923772604,175.3928654606145,180.12011470756278,97576100
2023-08-08,177.8158416748047,178.2806562533865,175.6203390114105,177.7070549630004,67823000
2023-08-09,176.22360229492188,178.93335560733482,175.05661623443876,178.87402014653773,60378500
2023-08-10,176.0060272216797,178.7553475423464,175.64011515660735,177.49935830249015,54686900
2023-08-11,176.06544494628906,176.88739582771854,174.83748251539495,175.60001780962375,52036700
2023-08-14,177.71925354003906,177.94701832041608,175.5900993670502,176.2437010263368,43675600
2023-08-15,175.72874450683594,177.73905244130324,175.3326305229056,177.1448814654077,43622600
2023-08-16,174.8572998046875,176.80817714322055,174.78797154296882,175.41186545531423,46964900
2023-08-17,172.31222534179688,175.78817341312092,171.7972650350441,175.42176719468313,66062900
2023-08-18,172.7974853515625,173.4015690710498,170.29202708322546,170.62872552076746,61172200
2023-08-21,174.13436889648438,174.42156439236868,172.05474771785234,173.37184868637627,46311900
2023-08-22,175.51087951660156,175.95651153189084,174.54038966607246,175.34253031574917,42038900
2023-08-23,179.36314392089844,179.78898080878903,176.60021337314086,176.78837280424742,52722800
2023-08-24,174.6691436767578,179.34336155038372,174.30272234931607,178.91752463221655,54945800
2023-08-25,176.8774871826172,177.41224254469248,174.1145567754665,175.6594223889941,51449600
2023-08-28,178.4421844482422,178.83829845949455,176.81809282485807,178.34314839003864,43820700
2023-08-29,182.3340301513672,183.10646293821267,177.75884901223952,177.9569059889832,53003900
2023-08-30,185.82980346679688,186.027875570887,182.9480417259573,183.14609871926743,60813900
2023-08-31,186.0476837158203,187.2855588991337,185.66146726305777,186.01797592028328,60794500
2023-09-01,187.6222686767578,188.07779827305947,186.45370666949987,187.65197647170007,45766500
2023-09-05,187.8599090576172,188.13719185182467,185.79018566129048,186.45368485534252,45280000
2023-09-06,181.1357879638672,187.01817274976997,179.70975345688714,186.57252563325392,81755800
2023-09-07,175.83766174316406,176.48136579557718,171.85665159906446,173.48074295917408,112488800
2023-09-08,176.45164489746094,178.49167556913386,176.06542850593996,176.6200091931817,65551300
2023-09-11,177.62022399902344,178.5511084974291,175.619813594627,178.3233437087065,58953100
2023-09-12,174.58990478515625,178.38275585399316,173.12426491742679,177.7489644157226,90370200
2023-09-13,172.5201873779297,175.58021106580875,172.29240747476095,174.7978655233742,84267900
2023-09-14,174.03533935546875,174.39184798430878,171.89628758242847,172.31221179761187,60895800
2023-09-15,173.3123779296875,174.7879302024377,172.1339337562196,174.76811997366346,109259500
2023-09-18,176.24368286132812,177.64000941385729,174.4611399337141,174.76813049970744,67257600
2023-09-19,177.33302307128906,177.88758863735939,175.41183870970377,175.79805509398693,51826900
2023-09-20,173.7877655029297,177.95692035427507,173.69862701203755,177.52118590379774,58436200
2023-09-21,172.24288940429688,174.58991092023126,172.17357625479622,172.85688574257026,63149100
2023-09-22,173.0945587158203,175.36235454947433,172.36174626663464,172.97572753179696,56725400
2023-09-25,174.37205505371094,175.25342159707597,172.46076787560256,172.510285906062,46172700
2023-09-26,170.29200744628906,173.50057001651604,169.99491440180657,173.12426626356617,64588900
2023-09-27,168.77684020996094,171.3615240971404,167.41023633579258,170.94559986493434,66921800
2023-09-28,169.03433227539062,170.36133082824708,165.9941036111019,167.69742105029528,56294400
2023-09-29,169.54930114746094,171.39126009408957,168.68772971206937,170.35144187875733,51861100
2023-10-02,172.06463623046875,172.6093042881744,169.2719827950215,169.55917827580257,52164500
2023-10-03,170.72772216796875,171.9458021063211,169.1630613901914,170.58908076573104,49594600
2023-10-04,171.9755096435547,172.5201776911012,169.31160010164683,169.43043127173715,53020300
2023-10-05,173.21340942382812,173.7481648763392,171.00502912591972,172.10426293848624,48527900
2023-10-06,175.7683563232422,176.26350633418187,171.50015053588783,172.1141468247828,57266700
2023-10-09,177.25381469726562,177.3132302836497,174.09475506108697,175.09495269037185,42390800
2023-10-10,176.6596221923828,177.9767230488949,176.22388776036024,176.3724418317021,43698000
2023-10-11,178.05596923828125,178.10548726772782,175.87731193966172,176.4714829606774,47551100
2023-10-12,178.95713806152344,180.57131695227565,177.30332359387822,178.3233466007442,56743100
2023-10-13,177.11517333984375,180.1652842541005,176.41205364228972,179.6602366589199,51427100
2023-10-16,176.98641967773438,177.34292828713865,174.79784999846225,175.0355274416581,52517000
2023-10-17,175.431640625,176.6893258679855,173.10444466932296,174.93649062028842,57549400
2023-10-18,174.13436889648438,175.85749653944856,173.4114540423014,173.87689630601963,54764400
2023-10-19,173.758056640625,176.11496052795673,173.4906713911534,174.33241738277906,59302900
2023-10-20,171.2030792236328,173.71843472751576,170.96540176933075,173.60950111647477,64244000
2023-10-23,171.32191467285156,172.32211231863303,168.2816861592976,169.25219112217718,55980100
2023-10-24,171.75762939453125,171.985394156852,169.7869270122857,171.3714130102576,43816600
2023-10-25,169.4403533935547,171.38133313025827,168.99470625930118,170.2127862637829,57157000
2023-10-26,165.2711639404297,169.71761631425704,164.06299674951495,168.71740365821697,70625300
2023-10-27,166.5883026123047,167.32113020792602,165.21178592419773,165.2910117543283,58499100
2023-10-30,168.63819885253906,169.50966778359705,167.23197451155576,167.3805285943209,51131000
2023-10-31,169.113525390625,169.24225410780494,166.27135428067592,167.70730128574397,44846000
2023-11-01,172.28250122070312,172.53997379429074,168.46983997695696,169.34130885799144,56934900
2023-11-02,175.84756469726562,176.0555192191985,173.75803125391445,173.81744683160957,77334800
2023-11-03,174.93649291992188,175.10485722122255,171.66851493448934,172.5498813500308,79829200
2023-11-06,177.49148559570312,177.68954259678722,174.50079012453784,174.66913933099835,63841300
2023-11-07,180.05633544921875,180.67031655305914,177.233974683982,177.44192920138337,70530000
2023-11-08,181.11595153808594,181.67051707486866,179.82855862153886,180.58119623069618,49340300
2023-11-09,180.64064025878906,182.3340449245472,180.04645416963677,181.18530832204868,53763500
2023-11-10,184.8351287841797,185.00371491529177,181.98922784820692,182.425536381392,66133400
2023-11-13,183.24856567382812,184.46823531200093,182.66352248721634,184.26000678217753,43627500
2023-11-14,185.8663787841797,186.5307520867399,184.73595008374065,186.12419054719692,60108400
2023-11-15,186.4315948486328,187.90909130382101,186.20353000343164,186.2729495954029,53790500
2023-11-16,188.11734008789062,189.35684600106327,187.06622636374277,187.9785160308428,54412900
2023-11-17,188.09750366210938,188.78171334674664,186.98691120628507,188.65279989002153,50922700
2023-11-20,189.8427276611328,190.29887250675844,188.2859160609316,188.2958266614519,46505100
2023-11-21,189.03953552246094,189.91215257469014,188.14709726863614,189.8030754431615,38134500
2023-11-22,189.70391845703125,191.31031344701395,189.2279523730899,189.88241519518988,39617700
2023-11-24,188.37513732910156,189.2973223945837,187.66118076777323,189.26757546541884,24048300
2023-11-27,188.19664001464844,189.06925694915728,187.3141124806788,188.32555346106983,40552600
2023-11-28,188.80152893066406,189.47582799498892,187.8099242301234,188.1867388581487,38415400
2023-11-29,187.7801971435547,190.47736342450784,187.38356127369806,189.2973512852548,43014200
2023-11-30,188.35531616210938,188.7222202024886,186.61009727764167,188.2462390361622,48794400
2023-12-01,189.63450622558594,189.95181189166442,187.64137090627887,188.73214223180454,45704800
2023-12-04,187.83966064453125,188.45446581331387,185.87628768397204,188.38504622543272,43389500
2023-12-05,191.79620361328125,192.76797210608754,188.58339853026055,188.61316059527184,66628400
2023-12-06,190.7054443359375,193.12494736273675,190.4972006683192,192.81755229252437,41089700
2023-12-07,192.63906860351562,193.3629358704378,191.9647694720094,192.00444213716838,47477700
2023-12-08,194.0669403076172,194.34458838141987,192.04405847770036,192.5696076981615,53406400
2023-12-11,191.55819702148438,191.8656072016425,189.81297812056516,191.48879255742054,60943700
2023-12-12,193.07537841796875,193.08528901898003,190.1104746012234,191.45905774250062,52696900
2023-12-13,196.29808044433594,196.33773797632358,193.214189106248,193.45216455954898,70404200
2023-12-14,196.44683837890625,197.94415626252416,194.5132119382899,196.35759757334458,66831600
2023-12-15,195.9113311767578,196.7343496927442,195.34610928310804,195.87165851894784,128538400
2023-12-18,194.24545288085938,194.97924583916173,192.75804576345098,194.4437708037096,55751900
2023-12-19,195.28663635253906,195.29654695271066,194.24544836840317,194.51318587990949,40714100
2023-12-20,193.19435119628906,196.0204155959587,193.19435119628906,195.24696511767544,52242800
2023-12-21,193.0455780029297,195.42543814276274,191.8754918271264,194.4536698626075,46482500
2023-12-22,191.97467041015625,193.7694724442452,191.34995462543642,193.54139247575878,37149600
2023-12-26,191.42930603027344,192.2622504150879,191.21115176796184,191.9846022868164,28919300
2023-12-27,191.5284423828125,191.87551008122907,189.48573911500236,190.87399477798158,48087700
2023-12-28,191.95484924316406,193.0257841884141,191.5482876644632,192.51014548202977,34049900
2023-12-29,190.91368103027344,192.7679772625201,190.1203941221817,192.27217483629892,42672100
2024-01-02,184.08151245117188,186.85800888690832,182.34620407017263,185.57883023572913,82488700
2024-01-03,182.7031707763672,184.31949132166326,181.8900476382689,182.6734238450404,58414500
2024-01-04,180.38282775878906,181.552914127362,179.36147605378457,180.62080322049852,71983600
2024-01-05,179.65895080566406,181.22568820887324,178.6574354024576,180.46216340525032,62379700
2024-01-08,184.00218200683594,184.04185467153414,179.97626898919978,180.56131218264795,59144500
2024-01-09,183.58570861816406,183.59561921893004,181.19593746369003,182.37594957443397,42841800
2024-01-10,184.6268768310547,184.8351053395885,182.3759299825551,182.8023278606972,46792900
2024-01-11,184.03189086914062,185.47964021736217,182.0784286307964,184.97391219655432,49128400
2024-01-12,184.35914611816406,185.17226924419936,183.63527891547233,184.49797017252533,40477800
2024-01-16,182.08836364746094,182.71306427754865,179.4110190331086,180.630703626113,65603000
2024-01-17,181.1463623046875,181.3942635111242,178.78635310827863,179.7482109997081,47317400
2024-01-18,187.04641723632812,187.55213023449687,184.2699207854721,184.52773258500528,78005800
2024-01-19,189.95181274414062,190.3385380102556,187.23482528040057,187.74053828049293,68903000
2024-01-22,192.26222229003906,193.69013538694645,190.6459018913611,190.68557454998964,60133900
2024-01-23,193.5413818359375,194.1066037302182,192.2027246817267,193.38273659657744,42355600
2024-01-24,192.8671112060547,194.73133285541883,192.70845082511164,193.7793857004472,53631300
2024-01-25,192.53988647460938,194.62226243680658,191.48878789336808,193.58107445570798,54822100
2024-01-26,190.8045654296875,193.12491668531047,190.3285994330514,192.63904008919584,44594000
2024-01-29,190.12039184570312,190.58644733122568,187.9884474907554,190.39803999060732,47145600
2024-01-30,186.46133422851562,190.18977744614463,185.89612743839433,189.33699683048337,55859400
2024-01-31,182.85189819335938,185.52924295226458,182.80233006356883,185.46973396127981,55467800
2024-02-01,185.29127502441406,185.38051582576702,182.27680306565713,182.44537406733116,64885400
2024-02-02,184.2897491455078,185.75731994134992,177.74515173237538,178.35003123610636,102551700
2024-02-05,186.1043701171875,187.6611968198497,184.27982102914154,186.57042555488334,69668800
2024-02-06,187.71078491210938,187.72069551270494,185.2020260688322,185.291266866256,43490800
2024-02-07,187.8198699951172,189.44610127224303,187.02658312392904,189.03953967028943,53439000
2024-02-08,186.739013671875,187.94875754592414,185.77715585449096,187.8000228857875,40962000
2024-02-09,187.5034942626953,188.63536538849903,186.65954875354646,187.30490815466524,45155200
2024-02-12,185.8156280517578,187.32479480430874,185.45819421957458,187.0765772861258,41781900
2024-02-13,183.72067260742188,184.88234393093236,182.20158259974826,184.4454786725173,56529500
2024-02-14,182.83700561523438,184.2071710720395,181.13920638831792,183.99867685469593,54630500
2024-02-15,182.54908752441406,183.17460050228618,180.05698915939104,182.2413002337134,65434500
2024-02-16,181.0101318359375,183.53203018346474,180.37469562592958,182.11221816970058,49752500
2024-02-20,180.26548767089844,181.12927978468986,178.7166127841021,180.49384354523508,53665600
2024-02-21,181.0200653076172,181.5859933284812,179.3718974749363,180.64276986037862,41371400
2024-02-22,183.0554656982422,183.64127060390982,181.15909521547567,182.17181186595948,52292200
2024-02-23,181.21864318847656,183.72066477086588,180.9307023940782,183.6908798817894,45119700
2024-02-26,179.8683319091797,181.45691481099774,179.36195851579282,180.94063332165365,40867400
2024-02-27,181.32785034179688,182.60864595739088,178.27973221361,179.80876047563007,54318900
2024-02-28,180.12649536132812,181.81437153541262,178.84569957246276,181.20872015618278,48953900
2024-02-29,179.46127319335938,181.26830407372196,178.2499704416867,179.97756989489093,136682600
2024-03-01,178.3790283203125,179.24282037465971,176.11528592616577,178.26981201401622,73563100
2024-03-04,173.8515625,175.63871657984365,172.55088992856452,174.89406399657693,81510100
2024-03-05,168.9070281982422,170.81333665210278,168.41059323161204,169.54246434952904,95132400
2024-03-06,167.91416931152344,170.01906401050476,167.47730408815008,169.8403395327639,68587700
2024-03-07,167.79502868652344,169.51268953107953,167.28867044448495,167.9439531253601,71765100
2024-03-08,169.5126953125,172.4615205019895,167.73546463179477,167.79503440936114,76267000
2024-03-11,171.51829528808594,173.13667826239134,170.8232893067872,171.7069430151515,60139500
2024-03-12,171.994873046875,172.7891721100731,169.79070034274764,171.91544162555573,59825400
2024-03-13,169.9098663330078,171.9551763303205,169.54249409126064,171.53817270319811,52488700
2024-03-14,171.7665252685547,173.06718266017282,170.82330171470906,171.67717059661035,72913500
2024-03-15,171.3892059326172,171.3892059326172,169.07581713096124,169.94954753501827,121752700
2024-03-18,172.48138427734375,176.44294118443133,172.282813299669,174.31819990832292,75604200
2024-03-19,174.8245849609375,175.35080494990183,171.79632784991836,173.09698537547163,55215200
2024-03-20,177.39610290527344,177.39610290527344,173.84162605000233,174.467139074951,53423100
2024-03-21,170.14813232421875,176.22450721449738,169.6219124199128,175.78764197696165,106181300
2024-03-22,171.05166625976562,171.81618050845861,168.8474933401544,170.5353695457136,71160100
2024-03-25,169.63185119628906,170.7140758962492,168.24182406010684,169.3538487990515,54288300
2024-03-26,168.49998474121094,170.19778406175462,168.37090678526505,168.78791039294236,57388400
2024-03-27,172.07431030273438,172.36225110852925,168.89712909220745,169.19499314475576,60273300
2024-03-28,170.25735473632812,171.00200728609337,169.29426955996547,170.5254338962422,65672700
2024-04-01,168.8177032470703,170.02900599080004,168.2716216576847,169.96943620832081,46240500
2024-04-02,167.63619995117188,168.13263504826725,167.03054852671562,167.87449425177653,49329500
2024-04-03,168.44039916992188,169.46305411699578,167.37803608655156,167.5865303145986,47691700
2024-04-04,167.61631774902344,170.69420560535343,167.61631774902344,169.07582268557752,53704400
2024-04-05,168.3708953857422,169.1751176568126,167.74538244157907,168.38081863168355,42104800
2024-04-08,167.24896240234375,167.99361496437555,167.04046816897213,167.82482886831443,37425500
2024-04-09,168.46026611328125,168.86734648560252,167.1496854743383,167.49718091534808,42373800
2024-04-10,166.58375549316406,167.88441298860536,165.9185342989306,167.59648730602532,49709300
2024-04-11,173.79196166992188,174.20898041040104,166.96102623293754,167.13973556457645,91070300
2024-04-12,175.29119873046875,177.08829097776882,172.96788660357228,173.0175179827845,101670900
2024-04-15,171.45870971679688,175.37061964403054,171.27006200710903,174.10967059769038,73531800
2024-04-16,168.17234802246094,172.52110890421707,167.0702615685236,170.52544539032877,73711200
2024-04-17,166.8021697998047,169.43326939438703,166.8021697998047,168.4006911997193,50901200
2024-04-18,165.84901428222656,167.4376124969012,165.36251763085394,166.83196113193097,43122900
2024-04-19,163.8235626220703,165.21357466916862,162.9101239696921,165.02494208062998,68149400
2024-04-22,164.65756225585938,166.06743588145892,163.59519920100377,164.33985172403135,48116400
2024-04-23,165.71002197265625,165.85896158515186,163.744143317683,164.17108536017497,49537800
2024-04-24,167.81491088867188,168.09291330855643,165.0249482926904,165.35258209827205,48251800
2024-04-25,168.67869567871094,169.39356334150216,166.9510963019663,168.3212618473153,50558300
2024-04-26,168.0928955078125,170.1183436596222,167.97374080476908,168.66876193087458,44838400
2024-04-29,172.262939453125,174.77489926024026,171.86579752591055,172.13386150928326,68169400
2024-04-30,169.1155548095703,173.74233280675443,168.78790588015656,172.09416491333778,65934800
2024-05-01,168.0928955078125,171.47858587357683,167.90424778215495,168.37089789825708,50383100
2024-05-02,171.7963104248047,172.18352915382397,169.67156903864844,171.2800137361139,94214900
2024-05-03,182.072509765625,185.66669440285864,181.3576421366733,185.3191838346203,163224100
2024-05-06,180.41441345214844,182.8866500436298,179.13360267463952,181.04984964293004,78569700
2024-05-07,181.0994873046875,183.5816623782166,180.02720100491794,182.1420038655686,77305800
2024-05-08,181.43707275390625,181.76472167822584,180.1562619452029,181.5462890620128,45057100
2024-05-09,183.25404357910156,183.34339825305352,180.81157644111198,181.25836496086742,48983000
2024-05-10,181.99136352539062,184.01955884653998,181.07668601424152,183.83065525294157,50759500
2024-05-13,185.20269775390625,186.01796278299403,183.5522942832241,184.36755931231187,72044800
2024-05-14,186.34605407714844,187.2110330394528,185.21264749222254,186.42559324440313,52393600
2024-05-15,188.62281799316406,189.54743236218252,186.2864023770235,186.82328796013638,70400000
2024-05-16,188.7421112060547,189.99483406684226,188.56315946625315,189.36847263644847,52845200
2024-05-17,188.7719268798828,189.70649303935699,188.08591490450098,188.4140082479681,41282900
2024-05-20,189.93516540527344,190.81008101901142,187.91690657220929,188.2350632210391,44361300
2024-05-21,191.23757934570312,191.61537135801854,189.81584164268895,189.98485665329835,42309400
2024-05-22,189.7959747314453,191.7048842739564,189.1696284842733,191.15806201805708,34648500
2024-05-23,185.79920959472656,189.89537727616252,185.55065543598812,189.8754886957117,51005900
2024-05-24,188.88128662109375,189.47782271626807,186.9525037733123,187.72800676525614,36327000
2024-05-28,188.8912353515625,191.88382214222983,188.00638309980087,190.40243380522858,52280100
2024-05-29,189.1894989013672,191.13817040866115,188.41401104911338,188.5134387924459,53068000
2024-05-30,190.1837158203125,191.06856812279528,189.52754429358754,189.6567821553814,49889100
2024-05-31,191.13815307617188,191.4563096895504,188.81168973037515,190.33284000805318,75158300
2024-06-03,192.90786743164062,193.86232215027837,191.40660565779223,191.7843976924141,50080500
2024-06-04,193.2260284423828,194.19041988861153,191.91365507081835,193.51434462038463,47471400
2024-06-05,194.7372283935547,195.76127042413225,193.74301165159252,194.269945311189,54156800
2024-06-06,193.35525512695312,195.36357706257476,193.04705038431933,194.55826398135935,41181800
2024-06-07,195.7513427734375,195.80105664694403,193.01724660656404,193.52429170702464,53103900
2024-06-10,192.0031280517578,196.15896182874013,191.03873662001607,195.76126603853862,97010200
2024-06-11,205.9519805908203,205.9619324668351,192.51018190883102,192.53005531977516,172373300
2024-06-12,211.8377685546875,218.92652361101457,205.7034379048798,206.17072098738436,198134300
2024-06-13,213.00100708007812,215.49648572091758,210.37627540407073,213.4981154669776,97862700
2024-06-14,211.26112365722656,213.92561727783075,210.07800329190465,212.61325905037393,70122700
2024-06-17,215.4169464111328,217.6837594401996,211.4897931914233,212.13602802573277,93728300
2024-06-18,213.05068969726562,217.36560169939582,211.76815683093403,216.33160783720555,79943300
2024-06-20,208.4673614501953,213.00100258632773,207.64217489543017,212.6927826496957,86172500
2024-06-21,206.2900390625,210.66458669732776,205.91223184266303,209.17326157128963,241805100
2024-06-24,206.936279296875,211.46990537136972,205.39524025887107,206.51871007112354,80727000
2024-06-25,207.86090087890625,210.15753911842552,207.40355450398363,207.94042486793816,55549700
2024-06-26,212.01670837402344,213.6173978459433,209.42180221570723,210.2768291728298,66213200
2024-06-27,212.86180114746094,214.49231592564604,211.12192192565487,213.44838535845383,49772700
2024-06-28,209.40191650390625,214.8204096554565,209.08377504858177,214.52214161134154,82542700
2024-07-01,215.49647521972656,216.25207446959737,210.6944066158183,210.86342163866271,60402900
2024-07-02,218.99610900878906,219.10547344874152,213.85601067210808,214.8999260337406,58046200
2024-07-03,220.26870727539062,220.26870727539062,217.76327700783267,218.7276683957665,37369800
2024-07-05,225.031005859375,225.14037030398515,220.36812707547224,220.36812707547224,60412400
2024-07-08,226.50245666503906,226.53228195249955,221.95887904834774,225.77666754871936,59085900
2024-07-09,227.35748291015625,228.07332019577044,225.0608446065374,226.6118203351868,48076100
2024-07-10,231.6326141357422,231.73204187894612,227.9241899064988,227.97390377810078,62627700
2024-07-11,226.25392150878906,231.04603853364384,224.46432825800636,230.0518217466028,64710600
2024-07-12,229.2067108154297,231.2945719488415,227.3574671508641,227.59608461971035,53046500
2024-07-15,233.04440307617188,235.8580383346859,231.7419815445035,235.11237576276483,62631300
2024-07-16,233.4619903564453,234.9036016458956,230.9863851256273,233.64094209406048,43234300
2024-07-17,227.5563201904297,230.12140106352723,225.3292693500046,228.12301581337556,57345900
2024-07-18,222.8834991455078,229.10730558155058,220.9845567217071,228.94822726389444,66034600
2024-07-19,223.01275634765625,225.4883615119168,221.9887143107171,223.5198165983548,49151500
2024-07-22,222.66481018066406,226.46271062110856,221.79983121381875,225.69715940648985,48201800
2024-07-23,223.70870971679688,225.6275559695254,221.3921828247117,223.07241159149987,39960300
2024-07-24,217.276123046875,223.4999296447353,215.8742889513949,222.70455320631825,61777600
2024-07-25,216.23220825195312,219.57277716709376,213.3787958392943,217.663867640833,51391200
2024-07-26,216.6995086669922,218.22065921535855,214.76077369662195,217.4352194179005,41601300
2024-07-29,216.97789001464844,218.0317574445205,214.50228460577418,215.70529366492985,36311800
2024-07-30,217.5346221923828,219.05577256608925,214.87011348402856,217.92236610782675,41643800
2024-07-31,220.795654296875,222.52559687691686,219.35404306544518,220.1593561933901,50036300
2024-08-01,217.09716796875,223.1817695634113,215.76492117798517,223.07240511518174,62501000
2024-08-02,218.58848571777344,224.29529507499745,216.45092586682142,217.88258518105536,105568600
2024-08-05,208.05975341796875,212.26528622278008,194.86649227009318,197.9386185328084,119548600
2024-08-06,206.0315399169922,208.77558795019922,199.90717605667754,204.11270880558044,69660500
2024-08-07,208.6065673828125,212.40446750854989,205.19639601521322,205.70344110024527,63516400
2024-08-08,212.07638549804688,212.9612378528938,207.62229843313003,211.87754516998305,47161100
2024-08-09,214.9894561767578,215.52632659839892,210.7441459978426,210.87339904235876,42201600
2024-08-12,216.5222930908203,218.49311650663688,214.60124108809114,215.0690650325273,38028100
2024-08-13,220.24496459960938,220.8620875715453,217.99542439436792,217.99542439436792,44155300
2024-08-14,220.69290161132812,221.99683071433236,218.6822548419691,219.548234966672,41960600
2024-08-15,223.6790008544922,224.3060872818483,221.72807374055304,223.55956160665437,46414000
2024-08-16,225.00283813476562,225.77922361016536,222.6139468974481,222.88270038911833,44340200
2024-08-19,224.8435821533203,224.94312498661264,222.0067784736323,224.6743714872065,40687800
2024-08-20,225.46067810058594,226.117624269924,224.405591022129,224.7241158999058,30299000
2024-08-21,225.35121154785156,226.92389412945442,224.00747444255492,225.4706659840429,34765500
2024-08-22,223.4898681640625,227.28221598709214,222.86278176595104,226.7347608131935,43695300
2024-08-23,225.78916931152344,227.16278137803022,223.29080225181497,224.61464290366072,38677300
2024-08-26,226.12759399414062,226.22713682494347,222.85284141893553,225.7095414433551,30602200
2024-08-27,226.97364807128906,227.78985670532606,223.84819475275475,224.95305327681544,35934600
2024-08-28,225.4407958984375,228.79517959293358,224.63453544627717,226.86416416696267,38052200
2024-08-29,228.7255096435547,231.8410150307569,227.8197366882459,229.03408635152135,51906300
2024-08-30,227.93917846679688,229.3326870197365,226.42621547495946,229.12366833084764,52990800
2024-09-03,221.738037109375,227.9391727978887,220.1454429272487,227.4912604304481,50190600
2024-09-04,219.82691955566406,220.75260404502964,216.47252073588626,220.6331648046219,43840200
2024-09-05,221.34982299804688,224.43545304440553,220.49380636570692,220.60329739500978,36615400
2024-09-06,219.7970733642578,224.19659618640478,218.75193438162455,222.9125635200513,48423000
2024-09-09,219.8866424560547,220.24497537072617,215.7061019102892,219.79706302441255,67180000
2024-09-10,219.09034729003906,220.45399594379384,215.72600018375593,217.905857501112,51591000
2024-09-11,221.62852478027344,222.05652550259597,216.88061769002928,220.4340868524661,44587100
2024-09-12,221.738037109375,222.51442259643306,218.8017058249269,221.46928361366915,37455600
2024-09-13,221.4692840576172,223.00214343080088,220.8820208371711,222.54428285449177,36766600
2024-09-16,215.3179168701172,216.21374159471785,212.92902562434276,215.5368837592455,59357400
2024-09-17,215.7857208251953,215.8952118613641,213.50633585708556,214.75054527350213,45519300
2024-09-18,219.66766357421875,221.67831024616868,216.5322467283196,216.54221012404864,59894900
2024-09-19,227.80975341796875,228.75536468744528,223.58940496515828,223.94773787040657,66781300
2024-09-20,227.1428680419922,232.01021467188832,226.56555305015522,228.90467282845125,318679900
2024-09-23,225.42088317871094,228.38707413181643,224.7639369712135,226.2868480598011,54146000
2024-09-24,226.3167266845703,228.2875654709032,224.68432442569429,227.59079599939528,43556100
2024-09-25,225.3213348388672,226.23707111110926,222.9822303399746,223.88800321688734,42308700
2024-09-26,226.4660186767578,227.44147457763864,224.36579263659118,226.24703661091274,36636700
2024-09-27,226.73475646972656,228.45675318264773,226.24703611440785,227.40166606122023,34026000
2024-09-30,231.920654296875,231.920654296875,228.58616671135624,228.9743594736852,54541900
2024-10-01,225.162109375,228.58616112900037,222.70355021092283,228.45677367012016,63285000
2024-10-02,225.7294464111328,226.31670960653594,221.98686997976517,224.84356992020335,32880600
2024-10-03,224.6245880126953,225.75930638603796,222.28548343692833,224.09704443839323,34044200
2024-10-04,225.74935913085938,226.9437971307691,223.09172964492672,226.8442543024003,37245100
2024-10-07,220.66302490234375,224.6444949275546,220.30469199255066,223.46000516495792,39505400
2024-10-08,224.72412109375,224.9331397600325,222.21579078164237,223.2609296773624,31855700
2024-10-09,228.47666931152344,228.68570318762718,223.78849648056692,224.1866374402548,33591100
2024-10-10,227.97898864746094,228.43686442668115,226.11765609380726,226.72483093793394,28183500
2024-10-11,226.49588012695312,228.34726430462075,226.28684626691359,228.23777327090536,31759200
2024-10-14,230.228515625,230.65651637799863,227.54102629778745,227.64055393917852,39882100
2024-10-15,232.76670837402344,236.3898456598821,231.29355345996072,232.52781469355565,64751400
2024-10-16,230.70626831054688,231.04468960128423,228.77525301100687,230.52710945831018,34082200
2024-10-17,231.07456970214844,232.76670668063704,229.4521309302649,232.348638945834,32993800
2024-10-18,233.91134643554688,235.08587271459402,232.92592721050605,235.08587271459402,46431500
2024-10-21,235.384521484375,235.75281781754072,233.36392650842956,233.36392650842956,36254500
2024-10-22,234.7674102783203,235.12574323334508,231.5225172658939,232.80653482833821,38846600
2024-10-23,229.6909942626953,234.05070868615385,226.70489182210235,232.99562158724072,52287000
2024-10-24,229.5019073486328,229.75074924052936,227.35190975750177,228.9146289407981,31109500
2024-10-25,230.3380126953125,232.13962556438537,228.5065400142299,228.6757506783198,38802300
2024-10-28,232.3187713623047,233.64261197661628,231.47271808946843,232.23915532682838,36087100
2024-10-29,232.5875244140625,233.2444706163013,231.24378738741356,232.0201728307493,35417200
2024-10-30,229.03407287597656,232.38845656475567,228.48661770128336,231.5324398883544,47070900
2024-10-31,224.8634796142578,228.76531846185907,224.32597264925337,228.27758291037028,64370100
2024-11-01,221.87738037109375,224.30607958110733,219.2496106921502,219.9463649274566,65276700
2024-11-04,220.98153686523438,221.75792231303782,218.69220372782075,219.96627293386246,44944500
2024-11-05,222.4148712158203,222.91255498009295,220.11557465497725,220.7725208689619,28111300
2024-11-06,221.68826293945312,225.02275032206146,220.16535179621147,221.5787719009408,54561100
2024-11-07,226.4261932373047,226.82434934768688,223.52968537330023,223.5894049928319,42137700
2024-11-08,226.15716552734375,227.8511489598711,225.60910803907555,226.366414165256,38328800
2024-11-11,223.4368133544922,224.90161465065876,220.7164746065314,224.20409384410638,42005600
2024-11-12,223.4368133544922,224.79200315214243,222.5698957238352,223.75568869738083,40398300
2024-11-13,224.3236541748047,225.84824072641777,221.97200184604,223.2175800878685,48566200
2024-11-14,227.4127197265625,228.06041440281584,224.204108600429,224.2240421118748,44923900
2024-11-15,224.2041015625,226.11730807125568,223.47668806811174,225.59914322363005,47923700
2024-11-18,227.2134246826172,228.9273417095955,224.37349996104592,224.4532188000698,44633700
2024-11-19,227.47247314453125,229.3458276324582,225.8582086546099,226.17706876893948,36211800
2024-11-20,228.18995666503906,229.1166596710885,225.09095708205055,227.25327930098,35169600
2024-11-21,227.71165466308594,229.3458528412815,224.91159698015457,228.07038183414417,42108300
2024-11-22,229.05685424804688,229.9038535446,227.2532593649619,227.2532593649619,38168300
2024-11-25,232.04624938964844,232.42491005721112,228.92733167542056,230.64124862727573,90152800
2024-11-26,234.228515625,234.73672132395913,232.50463944229026,232.50463944229026,45986200
2024-11-27,234.0989532470703,234.85627456038557,232.98291999142185,233.6405889619916,33498400
2024-11-29,236.49049377441406,236.96879161176938,233.14237850329877,233.97940351987407,28481400
2024-12-02,238.7424774169922,239.93822952974793,236.32108052902282,236.4306920263062,48137100
2024-12-03,241.79165649414062,241.90126799408412,238.05492154808562,238.96170621081686,38861000
2024-12-04,242.150390625,243.2465056559754,240.3966217802532,242.01088645785893,44383900
2024-12-05,242.18028259277344,243.67497660990782,241.27351311137042,243.1269343008096,40033900
2024-12-06,241.98098754882812,243.7646642163996,241.22368140458013,242.05074723300527,36870600
2024-12-09,245.8771514892578,246.36542364679892,240.89483838917155,240.97455722335047,44649200
2024-12-10,246.89353942871094,247.33198539974384,244.4721274358929,246.01664748664516,36914800
2024-12-11,245.6180877685547,249.91283942191654,245.38889040813984,247.08288910248365,45205800
2024-12-12,247.08287048339844,247.8601100871407,244.81092178998352,246.0166482138882,32777500
2024-12-13,247.25228881835938,248.4081739675946,245.36897496771653,246.94338782137353,33155300
2024-12-16,250.15196228027344,250.49077111704125,246.7739547032778,247.11276354004562,51694800
2024-12-17,252.58334350585938,252.93211150871377,248.89643481128522,249.1953766416157,51356400
2024-12-18,247.1725616455078,253.38051965426092,246.86366065893745,251.26802371656945,56774100
2024-12-19,248.90638732910156,251.10857637552834,246.21594133746913,246.62449465453676,60882300
2024-12-20,253.5897674560547,254.0979578981185,244.82089371115717,247.16257165125242,147495300
2024-12-23,254.36700439453125,254.74564983170012,252.55343521958227,253.86877310974026,40858800
2024-12-24,257.28668212890625,257.2966260773909,254.386956808638,254.58626151312842,23234700
2024-12-26,258.1037292480469,259.1799258751944,256.7186620602343,257.27667867815336,27237100
2024-12-27,254.6858673095703,257.78488174803636,252.16481819720389,256.91793375888693,42355300
2024-12-30,251.30787658691406,252.60328106925755,249.86300878941353,251.33776924994547,35557500
2024-12-31,249.5341796875,252.38406352835983,248.54767617168994,251.5470385357527,39480700
2025-01-02,242.9874267578125,248.21885574509324,240.96460876578237,248.0494437119358,55740700
2025-01-03,242.49916076660156,243.31625226562878,241.03435939639962,242.49916076660156,40244100
2025-01-06,244.1333465576172,246.45510633108967,242.33971076643533,243.4457849039297,45045600
2025-01-07,241.35321044921875,244.68139184839126,240.4962520142114,242.12047569552988,40856000
2025-01-08,241.8414764404297,242.84791342439922,239.20085656180404,241.06423680804883,37628900
2025-01-10,236.01219177246094,239.3104808095479,232.17580437363205,239.16100228470233,61710900
2025-01-13,233.5708465576172,233.8398957390806,228.90740850459227,232.7039288898965,49630700
2025-01-14,232.45480346679688,235.28475371553364,231.6476711610837,233.91960476413306,39435300
2025-01-15,237.028564453125,238.11472029161553,233.60073052224158,233.80999436776753,39832000
2025-01-16,227.4525604248047,237.1680713225123,227.22337827123218,236.51041752509497,71759100
2025-01-17,229.16647338867188,231.4682996512766,227.67177943063626,231.2989028272768,68488300
2025-01-21,221.85243225097656,223.62613445935494,218.6039696546368,223.20762199269615,98070400
2025-01-22,223.03823852539062,223.3272060060417,219.01252087308487,219.01252087308487,64126500
2025-01-23,222.86883544921875,226.22690964639077,221.51364566438272,223.94501691407203,60234800
2025-01-24,221.991943359375,224.831867935065,220.6267944226493,223.9848686181573,54697900
2025-01-27,229.04690551757812,231.32879829775732,223.18770026542342,223.2275672861503,94863400
2025-01-28,237.4171905517578,239.3403714135585,229.99354669273774,230.03341371427896,75707600
2025-01-29,238.51329040527344,239.01152170916106,233.18220937175082,233.29182086679862,45486100
2025-01-30,236.7495574951172,239.93823493591583,236.37091202718113,237.82573898228924,55658300
2025-01-31,235.16519165039062,246.31561143302469,232.61424963135997,246.31561143302469,100959800
2025-02-03,227.2034454345703,231.00994009075862,224.90161912474946,229.1764524471141,73063300
2025-02-04,231.9765167236328,232.3053512351318,225.84826207175638,226.44614576626617,45067300
2025-02-05,231.6476593017578,231.84694877861298,227.46251946854915,227.72159426797964,39620300
2025-02-06,232.39501953125,232.9729696905443,229.61488023403817,230.47183871784506,29925300
2025-02-07,226.82479858398438,233.17226081850333,226.45609706307513,231.77721918612997,39707200
2025-02-10,227.0941162109375,230.02693972945139,226.64521806905947,229.0094413336025,33115600
2025-02-11,232.05198669433594,234.65561423976854,227.57296005864194,227.64278121837336,53718400
2025-02-12,236.29161071777344,236.38140252594314,230.11672290007743,230.63545743654387,45243300
2025-02-13,240.9402313232422,241.74825103145727,234.99479296308533,236.33151730066413,53614100
2025-02-14,244.00274658203125,244.9504238462646,240.40156080072015,240.66092045804314,40896200
2025-02-18,243.87306213378906,244.58131995427482,241.2494791133952,243.55383619329416,48822500
2025-02-19,244.27207946777344,245.40929524371262,242.56626341463,244.06260076305156,32204200
2025-02-20,245.22975158691406,246.17742890005937,243.69350332551406,244.34192533458386,32316900
2025-02-21,244.95042419433594,248.08275639920348,244.6212281548445,245.34944139409683,53197400
2025-02-24,246.49664306640625,248.25234005966587,243.82317911276243,244.3319283268952,51326400
2025-02-25,246.43678283691406,249.38956194785018,244.3119941197594,247.3944454522674,48013300
2025-02-26,239.77310180664062,244.3818160551289,238.54610942000366,243.7334092806253,44433600
2025-02-27,236.72056579589844,241.86796980219768,236.48114634623442,238.82541422357912,41153600
2025-02-28,241.24948120117188,241.49887076126774,229.63790389196947,236.37142201455794,56833400
2025-03-03,237.4487762451172,243.43412542285543,235.53346633482454,241.19958958341564,47184000
2025-03-04,235.35391235351562,239.4838181516717,234.10696453181083,237.1295800554318,53798100
2025-03-05,235.1643829345703,235.97240266650644,228.67026910680244,234.84515699420854,47227600
2025-03-06,234.75538635253906,237.27920752401755,232.59068676229822,233.86756011302523,45170400
2025-03-07,238.4862518310547,240.78062356819368,234.1867631010968,234.53591456798168,46273600
2025-03-10,226.92454528808594,235.583358769024,223.6725108894593,234.96486230654432,72071200
2025-03-11,220.30075073242188,225.28854176632854,216.91902902029437,223.26349982428485,76137400
2025-03-12,216.45018005371094,221.20853706339403,214.38524243690583,219.60246770742089,62547500
2025-03-13,209.16799926757812,216.31051974194543,207.9110813961123,215.42269353923288,61368300
2025-03-14,212.9687042236328,213.4275724686152,209.06824803363213,210.73416839029963,60107600
2025-03-17,213.4774627685547,214.69448503570536,209.4573042902151,212.78914514941675,48073400
2025-03-18,212.17066955566406,214.624654360469,210.97360268345204,213.6370814211214,42432400
2025-03-19,214.7144317626953,218.22582565599035,213.22806456968678,213.6969181399133,54385400
2025-03-20,213.5772247314453,216.9589465476154,211.70181037410745,213.46749271646212,48862900
2025-03-21,217.73704528808594,218.30564558008663,210.76410758323678,211.0434226778215,94127800
2025-03-24,220.19102478027344,220.93919345594836,218.04628066528426,220.460369765545,44299500
2025-03-25,223.2036590576172,223.55281053469957,219.54262209652958,220.23093972638688,34493600
2025-03-26,220.98907470703125,224.47055842890478,219.93166541277708,222.9642357514217,34466100
2025-03-27,223.3034210205078,224.4406368200556,220.02144584411215,220.84942102067788,37094800
2025-03-28,217.36793518066406,223.26350805320467,217.1484711493609,221.12873402087155,39818600
2025-03-31,221.58761596679688,225.06908447075043,215.7020132379398,216.48010744476517,65299300
2025-04-01,222.64503479003906,223.13382860511078,218.3655012478301,219.27328293515097,36412700
2025-04-02,223.34332275390625,224.64015156252358,220.48033536050963,220.7796058888877,35905900
2025-04-03,202.69384765625,206.98335084549154,200.75858236471802,205.0381002304481,103419000
2025-04-04,187.92002868652344,199.39194860307396,186.88255957870848,193.4165691841804,125910900
2025-04-07,181.0169219970703,193.6759230716255,174.19361217758157,176.76731422169505,160466300
2025-04-08,171.9989776611328,189.8752182218586,168.79682446290911,186.24410709579757,120859500
2025-04-09,198.3644561767578,200.1201531468693,171.47028013366514,171.53013119082922,184395900
2025-04-10,189.9550323486328,194.30438674913324,182.553152263757,188.60833789927736,121880000
2025-04-11,197.66615295410156,199.05275825525484,185.60567786476867,185.64558871717136,87435900
2025-04-14,202.02549743652344,212.42005238891582,200.66881763194172,210.9237150406947,101352900
2025-04-15,201.6464080810547,203.01305790446213,199.3121256140358,201.36709301089155,51343900
2025-04-16,193.79563903808594,200.2099310657198,191.9002692932641,197.8756484915953,59732400
2025-04-17,196.4990234375,198.34451232255947,193.9452767059697,196.71848747425943,52164700
2025-04-21,192.6883544921875,193.3267911609043,189.34652827875263,192.79808650813246,46742500
2025-04-22,199.25228881835938,201.097762433896,195.49148998245192,195.64111763020085,52976400
2025-04-23,204.1004180908203,207.49210995336898,202.30481024884085,205.49699351150966,52929200
2025-04-24,207.8612060546875,208.32008954356945,202.44447210591895,204.38970763388747,47311000
2025-04-25,208.76898193359375,209.2378355121778,205.69650080604464,205.86608387594285,38222300
2025-04-28,209.62689208984375,210.98357193193158,206.95344326011445,209.48723454234343,38743100
2025-04-29,210.6942901611328,211.72177396764008,207.86121308906752,208.18043904370694,36827600
2025-04-30,211.9811248779297,213.0584895980106,206.16535854293033,208.78894157113288,52286500
2025-05-01,212.79913330078125,214.0360957896086,208.3899124386699,208.56948083895412,57365700
2025-05-02,204.8485870361328,206.48458191182934,201.66637387157866,205.58677037884885,101010600
2025-05-05,198.40435791015625,203.60164304236298,197.72602561272546,202.6040848015313,69018500
2025-05-06,198.02528381347656,200.1600578713198,196.538931754607,197.72602851406054,51216500
2025-05-07,195.7707977294922,198.95301083885846,192.77812311451905,198.6836658614824,68536700
2025-05-08,197.00778198242188,199.56152863729463,194.20463054641704,197.2372161152265,50478900
2025-05-09,198.0452423095703,200.0503289543839,197.05765414160055,198.51409591462888,36453900
2025-05-12,210.55104064941406,211.03050749278242,206.5156271207593,210.7308445260501,63775800
2025-05-13,212.68861389160156,213.1580823159532,208.76307628033234,210.19144790738707,51909300
2025-05-14,212.08929443359375,213.69746987061376,210.34127831689767,212.18917192393894,49325800
2025-05-15,211.21029663085938,212.71859464512332,209.30245815432872,210.71086343228015,45029500
2025-05-16,211.0205078125,212.32903558469047,209.53220664773164,212.11926693678467,54737900
2025-05-19,208.54331970214844,209.24252311349682,204.02843943795537,207.67431083672193,46140500
2025-05-20,206.62550354003906,208.2336790492342,204.79757620413463,207.4345828831543,42496600
2025-05-21,201.86090087890625,206.80528635778637,200.4824756537251,204.93741112479617,59211800
2025-05-22,201.13172912597656,202.52015274475195,199.4736073247078,200.48247209416806,46742400
2025-05-23,195.04864501953125,197.4758830409797,193.24069928507132,193.45045269257122,78432900
2025-05-27,199.98304748535156,200.51244545494848,197.20618488735448,198.07520901450675,56288500
2025-05-28,200.1927947998047,202.50017366149785,199.67338002302156,200.36260025266836,45339700
2025-05-29,199.72332763671875,203.57895243464628,198.28495762525483,203.3492174371598,51396800
2025-05-30,200.622314453125,201.73105672211125,196.55692105301176,199.14398126681596,70819900
2025-06-02,201.47134399414062,201.9008644592711,199.89313329888972,200.05295557621693,35423300
2025-06-03,203.03956604003906,203.5389992121068,200.7321872237246,201.1217444882778,46381600
2025-06-04,202.590087890625,206.00620910456834,201.8709028727957,202.67998220748078,43604000
2025-06-05,200.40257263183594,204.5178973620389,199.92310578136215,203.26931435006063,55126100
2025-06-06,203.68882751464844,205.4668084267123,201.82095228760733,202.76987228695742,46607700
2025-06-09,201.2216339111328,205.76647909477697,199.79326227022588,204.15830357568726,72862600
2025-06-10,202.44024658203125,204.11835001917973,200.34263633745982,200.3726011094186,54672600
2025-06-11,198.55465698242188,204.26817387189894,198.18508130061548,203.26930749599725,60989900
2025-06-12,198.97418212890625,199.45363372918547,197.13627162659284,198.85432303920933,43904600
2025-06-13,196.227294921875,200.1428492549886,195.47814514596445,199.50357538920457,51447300
2025-06-16,198.195068359375,198.46476655376847,196.33717625414866,197.07634287373045,43020700
2025-06-17,195.418212890625,198.16509536417735,194.98870767431248,196.97644196425614,38856200
2025-06-18,196.35714721679688,197.3460303816964,194.84886452825484,195.71787336797544,45394700
2025-06-20,200.7721405029297,201.47134391409438,196.6368343380514,198.01527480684123,96813500
2025-06-23,201.27157592773438,202.07067208145295,198.73446202428119,201.40143343464243,55814300
2025-06-24,200.07293701171875,203.2093768046809,199.9730442780961,202.36033429336192,54064000
2025-06-25,201.33151245117188,203.43912119943792,200.39257558111612,201.2216365357081,39525700
2025-06-26,200.7721405029297,202.41028074115465,199.23389299836737,201.20164572639828,50799100
2025-06-27,200.85205078125,202.98962419564972,199.77327327657756,201.66113009938155,73188600
2025-06-30,204.93740844726562,207.15489297707504,199.0341046248948,201.78098710410558,91912800
2025-07-01,207.58441162109375,209.95171998702364,205.90630823197938,206.4357061767528,78788900
2025-07-02,212.1991729736328,213.09814660534315,207.9040445567577,208.6731759252599,67941800
2025-07-03,213.30792236328125,214.40666625629999,211.56988934364432,211.90950026104147,34955800
2025-07-07,209.7119903564453,215.9848699115094,208.56330013289198,212.43889126622693,50229000
2025-07-08,209.7719268798828,211.1903153368944,208.213697736729,209.86183643928914,42848900
2025-07-09,210.90065002441406,211.09043707809712,206.98509558510867,209.2924745188519,48749400
2025-07-10,212.16920471191406,213.23798377907798,209.7918979255535,210.27134950514616,44443600
2025-07-11,210.92062377929688,211.88952536572023,209.6220944658076,210.33129628612954,39765800
2025-07-14,208.3834991455078,210.67091168904602,207.3047216270235,209.69201166358403,38840100
2025-07-15,208.87295532226562,211.64980271899068,208.6831682659836,208.9828312368767,42296300
2025-07-16,209.92176818847656,212.1592191902425,208.40348697906978,210.06160887608695,47490500
2025-07-17,209.78192138671875,211.5599023237274,209.35240091776063,210.33130094399476,48068100
2025-07-18,210.9405975341797,211.54990664350106,209.46227954032304,210.63095139102305,48974600
2025-07-21,212.23912048339844,215.53538252867688,211.39009321998003,211.8595616297783,51377400
2025-07-22,214.15695190429688,214.7063314773177,211.9894136266437,212.89838571641525,46404100
2025-07-23,213.9072265625,214.90609293027538,212.1692088371252,214.75626907170553,46989300
2025-07-24,213.51766967773438,215.44548969662856,213.28793468034502,213.65751035981805,46022600
2025-07-25,213.63754272460938,214.9960015887686,213.15807589620647,214.45660521718813,40268800
2025-07-28,213.80735778808594,214.60645396318566,212.81847455673218,213.78737619229818,37858000
2025-07-29,211.03050231933594,214.5664825639156,210.58101550100253,213.93719187335407,51411700
2025-07-30,208.81301879882812,212.14922883427738,207.48452469073794,211.65977882345743,45512500
2025-07-31,207.33470153808594,209.60211724381097,206.92516266487007,208.25365677749065,80698400
2025-08-01,202.1505889892578,213.33788973606855,201.27158167093614,210.63095505795985,104434500
2025-08-04,203.11949157714844,207.64435521756303,201.4513712516652,204.27816503495924,75109300
2025-08-05,202.68995666503906,205.1072113881769,201.93082373064988,203.1694082424696,44155100
2025-08-06,213.0082550048828,215.1358452662651,205.35693489516686,205.39689808550258,108483100
2025-08-07,219.7805633544922,220.59964108330854,216.33447747046458,218.63187314031333,90224800
2025-08-08,229.0900115966797,230.73813503605493,219.00145500716468,220.57966572513484,113854000
2025-08-11,227.17999267578125,229.55999755859375,224.75999450683594,227.9199981689453,61806100
2025-08-12,229.64999389648438,230.8000030517578,227.07000732421875,228.00999450683594,55626200
2025-08-13,233.3300018310547,235.0,230.42999267578125,231.07000732421875,69878500
2025-08-14,232.77999877929688,235.1199951171875,230.85000610351562,234.05999755859375,51916300
2025-08-15,231.58999633789062,234.27999877929688,229.33999633789062,234.0,56038700
2025-08-18,230.88999938964844,233.1199951171875,230.11000061035156,231.6999969482422,37476200
2025-08-19,230.55999755859375,232.8699951171875,229.35000610351562,231.27999877929688,39402600
2025-08-20,226.00999450683594,230.47000122070312,225.77000427246094,229.97999572753906,42263900
2025-08-21,224.89999389648438,226.52000427246094,223.77999877929688,226.27000427246094,30621200
2025-08-22,227.75999450683594,229.08999633789062,225.41000366210938,226.1699981689453,42477800
2025-08-25,227.16000366210938,229.3000030517578,226.22999572753906,226.47999572753906,30983100
2025-08-26,229.30999755859375,229.49000549316406,224.69000244140625,226.8699951171875,54575100
2025-08-27,230.49000549316406,230.89999389648438,228.25999450683594,228.61000061035156,31259500
2025-08-28,232.55999755859375,233.41000366210938,229.33999633789062,230.82000732421875,38074700
2025-08-29,232.13999938964844,233.3800048828125,231.3699951171875,232.50999450683594,39418400
2025-09-02,229.72000122070312,230.85000610351562,226.97000122070312,229.25,44075600
2025-09-03,238.47000122070312,238.85000610351562,234.36000061035156,237.2100067138672,66427800
2025-09-04,239.77999877929688,239.89999389648438,236.74000549316406,238.4499969482422,47549400
2025-09-05,239.69000244140625,241.32000732421875,238.49000549316406,240.0,54870400
2025-09-08,237.8800048828125,240.14999389648438,236.33999633789062,239.3000030517578,48999500
2025-09-09,234.35000610351562,238.77999877929688,233.36000061035156,237.0,66313900
2025-09-10,226.7899932861328,232.4199981689453,225.9499969482422,232.19000244140625,83440800
2025-09-11,230.02999877929688,230.4499969482422,226.64999389648438,226.8800048828125,50208600
2025-09-12,234.07000732421875,234.50999450683594,229.02000427246094,229.22000122070312,55824200
2025-09-15,236.6999969482422,238.19000244140625,235.02999877929688,237.0,42699500
2025-09-16,238.14999389648438,241.22000122070312,236.32000732421875,237.17999267578125,63421100
2025-09-17,238.99000549316406,240.10000610351562,237.72999572753906,238.97000122070312,46508000
2025-09-18,237.8800048828125,241.1999969482422,236.64999389648438,239.97000122070312,44249600
2025-09-19,245.5,246.3000030517578,240.2100067138672,241.22999572753906,163741300
2025-09-22,256.0799865722656,256.6400146484375,248.1199951171875,248.3000030517578,105517400
2025-09-23,254.42999267578125,257.3399963378906,253.5800018310547,255.8800048828125,60275200
2025-09-24,252.30999755859375,255.74000549316406,251.0399932861328,255.22000122070312,42303700
2025-09-25,256.8699951171875,257.1700134277344,251.7100067138672,253.2100067138672,55202100
2025-09-26,255.4600067138672,257.6000061035156,253.77999877929688,254.10000610351562,46076300
2025-09-29,254.42999267578125,255.0,253.00999450683594,254.55999755859375,40127700
2025-09-30,254.6300048828125,255.9199981689453,253.11000061035156,254.86000061035156,37704300
2025-10-01,255.4499969482422,258.7900085449219,254.92999267578125,255.0399932861328,48713900
